/*
 * 中文：编译后的灰阶图标数据；CrossPoint 与 Lucide 设计许可见 THIRD_PARTY_NOTICES.md。
 * English: Compiled grayscale icon data; CrossPoint and Lucide credits are in THIRD_PARTY_NOTICES.md.
 */
#pragma once
#include <stdint.h>
#define PICO_APP_ICON_SIZE 80
static const uint8_t pico_app_icons[5][PICO_APP_ICON_SIZE * PICO_APP_ICON_SIZE / 2] = {
    {
        0xff, 0xff, 0xff, 0xff, 0xff, 0xff, 0xff, 0xff, 0xff, 0xff, 0xff, 0xff, 0xff, 0xff, 0xff, 0xff, 0xff, 0xff, 0xff, 0xff,
        0xff, 0xff, 0xff, 0xff, 0xff, 0xff, 0xff, 0xff, 0xff, 0xff, 0xff, 0xff, 0xff, 0xff, 0xff, 0xff, 0xff, 0xff, 0xff, 0xff,
        0xff, 0xff, 0xff, 0xff, 0xff, 0xff, 0xff, 0xff, 0xff, 0xff, 0xff, 0xff, 0xff, 0xff, 0xff, 0xff, 0xff, 0xff, 0xff, 0xff,
        0xff, 0xff, 0xff, 0xff, 0xff, 0xff, 0xff, 0xff, 0xff, 0xff, 0xff, 0xff, 0xff, 0xff, 0xff, 0xff, 0xff, 0xff, 0xff, 0xff,
        0xff, 0xff, 0xff, 0xff, 0xff, 0xff, 0xff, 0xff, 0xff, 0xff, 0xff, 0xff, 0xff, 0xff, 0xff, 0xff, 0xff, 0xff, 0xff, 0xff,
        0xff, 0xff, 0xff, 0xff, 0xff, 0xff, 0xff, 0xff, 0xff, 0xff, 0xff, 0xff, 0xff, 0xff, 0xff, 0xff, 0xff, 0xff, 0xff, 0xff,
        0xff, 0xff, 0xff, 0xff, 0xff, 0xff, 0xff, 0xff, 0xff, 0xff, 0xff, 0xff, 0xff, 0xff, 0xff, 0xff, 0xff, 0xff, 0xff, 0xff,
        0xff, 0xff, 0xff, 0xff, 0xff, 0xff, 0xff, 0xff, 0xff, 0xff, 0xff, 0xff, 0xff, 0xff, 0xff, 0xff, 0xff, 0xff, 0xff, 0xff,
        0xff, 0xff, 0xff, 0xff, 0xff, 0xff, 0xff, 0xff, 0xff, 0xff, 0xff, 0xff, 0xff, 0xff, 0xff, 0xff, 0xff, 0xff, 0xff, 0xff,
        0xff, 0xff, 0xff, 0xff, 0xff, 0xff, 0xff, 0xff, 0xff, 0xff, 0xff, 0xff, 0xff, 0xff, 0xff, 0xff, 0xff, 0xff, 0xff, 0xff,
        0xff, 0xff, 0xff, 0xff, 0xff, 0xff, 0xff, 0xff, 0xff, 0xff, 0xff, 0xff, 0xff, 0xff, 0xff, 0xff, 0xff, 0xff, 0xff, 0xff,
        0xff, 0xff, 0xff, 0xff, 0xff, 0xff, 0xff, 0xff, 0xff, 0xff, 0xff, 0xff, 0xff, 0xff, 0xff, 0xff, 0xff, 0xff, 0xff, 0xff,
        0xff, 0xff, 0xff, 0xff, 0xff, 0xff, 0xff, 0xff, 0xff, 0xff, 0xff, 0xff, 0xff, 0xff, 0xff, 0xff, 0xff, 0xff, 0xff, 0xff,
        0xff, 0xff, 0xff, 0xff, 0xff, 0xff, 0xff, 0xff, 0xff, 0xff, 0xff, 0xff, 0xff, 0xff, 0xff, 0xff, 0xff, 0xff, 0xff, 0xff,
        0xff, 0xff, 0xff, 0xff, 0xff, 0xff, 0xff, 0xff, 0xff, 0xff, 0xff, 0xff, 0xff, 0xff, 0xff, 0xff, 0xff, 0xff, 0xff, 0xff,
        0xff, 0xff, 0xff, 0xff, 0xff, 0xff, 0xff, 0xff, 0xff, 0xff, 0xff, 0xff, 0xff, 0xff, 0xff, 0xff, 0xff, 0xff, 0xff, 0xff,
        0xff, 0xff, 0xff, 0xff, 0xff, 0xff, 0xff, 0xff, 0xff, 0xff, 0xff, 0xff, 0xff, 0xff, 0xff, 0xff, 0xff, 0xff, 0xff, 0xff,
        0xff, 0xff, 0xff, 0xff, 0xff, 0xff, 0xff, 0xff, 0xff, 0xff, 0xff, 0xff, 0xff, 0xff, 0xff, 0xff, 0xff, 0xff, 0xff, 0xff,
        0xff, 0xff, 0xff, 0xff, 0xff, 0xff, 0xff, 0xff, 0xff, 0xff, 0xff, 0xff, 0xff, 0xff, 0xff, 0xff, 0xff, 0xff, 0xff, 0xff,
        0xff, 0xff, 0xff, 0xff, 0xff, 0xff, 0xff, 0xff, 0xff, 0xff, 0xff, 0xff, 0xff, 0xff, 0xff, 0xff, 0xff, 0xff, 0xff, 0xff,
        0xff, 0xff, 0xff, 0xff, 0xff, 0xff, 0xff, 0xff, 0xff, 0xff, 0xff, 0xff, 0xff, 0xff, 0xff, 0xff, 0xff, 0xff, 0xff, 0xff,
        0xff, 0xff, 0xff, 0xff, 0xff, 0xff, 0xff, 0xff, 0xff, 0xff, 0xff, 0xff, 0xff, 0xff, 0xff, 0xff, 0xff, 0xff, 0xff, 0xff,
        0xff, 0xff, 0xff, 0xff, 0xff, 0xff, 0xff, 0xff, 0xff, 0xff, 0xff, 0xff, 0xff, 0xff, 0xff, 0xff, 0xff, 0xff, 0xff, 0xff,
        0xff, 0xff, 0xff, 0xff, 0xff, 0xff, 0xff, 0xff, 0xff, 0xff, 0xff, 0xff, 0xff, 0xff, 0xff, 0xff, 0xff, 0xff, 0xff, 0xff,
        0xff, 0xff, 0xff, 0xff, 0xff, 0xff, 0xff, 0xff, 0xff, 0xff, 0xff, 0xff, 0xfe, 0xcb, 0xbb, 0xbb, 0xbb, 0xbb, 0xbb, 0xbb,
        0xbb, 0xbb, 0xef, 0xff, 0xff, 0xff, 0xff, 0xff, 0xff, 0xff, 0xff, 0xff, 0xff, 0xff, 0xff, 0xff, 0xff, 0xff, 0xff, 0xff,
        0xff, 0xff, 0xff, 0xff, 0xff, 0xff, 0xff, 0xff, 0xff, 0xff, 0xff, 0xff, 0xb7, 0x66, 0x66, 0x66, 0x66, 0x66, 0x66, 0x66,
        0x66, 0x66, 0x6a, 0xff, 0xff, 0xff, 0xff, 0xff, 0xff, 0xff, 0xff, 0xff, 0xff, 0xff, 0xff, 0xff, 0xff, 0xff, 0xff, 0xff,
        0xff, 0xff, 0xff, 0xff, 0xff, 0xff, 0xff, 0xff, 0xff, 0xff, 0xff, 0xfc, 0x66, 0x66, 0x66, 0x66, 0x66, 0x66, 0x66, 0x66,
        0x66, 0x66, 0x66, 0xaf, 0xff, 0xff, 0xff, 0xff, 0xff, 0xff, 0xff, 0xff, 0xff, 0xff, 0xff, 0xff, 0xff, 0xff, 0xff, 0xff,
        0xff, 0xff, 0xff, 0xff, 0xff, 0xff, 0xff, 0xff, 0xff, 0xff, 0xff, 0xe7, 0x66, 0x66, 0x66, 0x66, 0x66, 0x66, 0x66, 0x66,
        0x66, 0x66, 0x66, 0x6d, 0xff, 0xff, 0xff, 0xff, 0xff, 0xff, 0xff, 0xff, 0xff, 0xff, 0xff, 0xff, 0xff, 0xff, 0xff, 0xff,
        0xff, 0xff, 0xff, 0xff, 0xff, 0xff, 0xff, 0xff, 0xff, 0xff, 0xff, 0xc6, 0x66, 0x66, 0x66, 0x66, 0x66, 0x66, 0x66, 0x66,
        0x66, 0x66, 0x66, 0x6a, 0xff, 0xff, 0xff, 0xff, 0xff, 0xff, 0xff, 0xff, 0xff, 0xff, 0xff, 0xff, 0xff, 0xff, 0xff, 0xff,
        0xff, 0xff, 0xff, 0xff, 0xff, 0xff, 0xff, 0xff, 0xff, 0xff, 0xff, 0xb6, 0x66, 0x66, 0x66, 0x66, 0x66, 0x66, 0x66, 0x66,
        0x66, 0x66, 0x66, 0x69, 0xff, 0xff, 0xff, 0xff, 0xff, 0xff, 0xff, 0xff, 0xff, 0xff, 0xff, 0xff, 0xff, 0xff, 0xff, 0xff,
        0xff, 0xff, 0xff, 0xff, 0xff, 0xff, 0xff, 0xff, 0xff, 0xff, 0xff, 0xb6, 0x66, 0x66, 0x66, 0x66, 0x66, 0x66, 0x66, 0x66,
        0x66, 0x66, 0x66, 0x69, 0xff, 0xff, 0xff, 0xff, 0xff, 0xff, 0xff, 0xff, 0xff, 0xff, 0xff, 0xff, 0xff, 0xff, 0xff, 0xff,
        0xff, 0xff, 0xff, 0xff, 0xff, 0xff, 0xff, 0xff, 0xff, 0xff, 0xff, 0xb6, 0x66, 0x66, 0x66, 0x66, 0x66, 0x66, 0x66, 0x66,
        0x66, 0x66, 0x66, 0x69, 0xff, 0xff, 0xff, 0xff, 0xff, 0xff, 0xff, 0xff, 0xff, 0xff, 0xff, 0xff, 0xff, 0xff, 0xff, 0xff,
        0xff, 0xff, 0xff, 0xff, 0xff, 0xff, 0xff, 0xff, 0xff, 0xff, 0xff, 0xb6, 0x66, 0x66, 0x66, 0x66, 0x66, 0x66, 0x66, 0x66,
        0x66, 0x66, 0x66, 0x69, 0xff, 0xff, 0xff, 0xff, 0xff, 0xff, 0xff, 0xff, 0xff, 0xff, 0xff, 0xff, 0xff, 0xff, 0xff, 0xff,
        0xff, 0xff, 0xff, 0xff, 0xff, 0xff, 0xff, 0xff, 0xff, 0xff, 0xff, 0xb6, 0x66, 0x66, 0x66, 0x66, 0x66, 0x66, 0x66, 0x66,
        0x66, 0x66, 0x66, 0x69, 0xff, 0xff, 0xff, 0xff, 0xff, 0xff, 0xff, 0xff, 0xff, 0xff, 0xff, 0xff, 0xff, 0xff, 0xff, 0xff,
        0xff, 0xff, 0xff, 0xff, 0xff, 0xfe, 0xcb, 0xbb, 0xbb, 0xbb, 0xbb, 0x86, 0x66, 0x66, 0x66, 0x66, 0x66, 0x66, 0x66, 0x66,
        0x66, 0x66, 0x66, 0x68, 0xbb, 0xbb, 0xbb, 0xbb, 0xbb, 0xbb, 0xbb, 0xbb, 0xbb, 0xbc, 0xdf, 0xff, 0xff, 0xff, 0xff, 0xff,
        0xff, 0xff, 0xff, 0xff, 0xfe, 0x96, 0x66, 0x66, 0x66, 0x66, 0x66, 0x66, 0x66, 0x66, 0x66, 0x66, 0x66, 0x66, 0x66, 0x66,
        0x66, 0x66, 0x66, 0x66, 0x66, 0x66, 0x66, 0x66, 0x66, 0x66, 0x66, 0x66, 0x66, 0x66, 0x68, 0xdf, 0xff, 0xff, 0xff, 0xff,
        0xff, 0xff, 0xff, 0xff, 0xc7, 0x66, 0x66, 0x66, 0x66, 0x66, 0x66, 0x66, 0x66, 0x66, 0x66, 0x66, 0x66, 0x66, 0x66, 0x66,
        0x66, 0x66, 0x66, 0x66, 0x66, 0x66, 0x66, 0x66, 0x66, 0x66, 0x66, 0x66, 0x66, 0x66, 0x66, 0x6b, 0xff, 0xff, 0xff, 0xff,
        0xff, 0xff, 0xff, 0xfd, 0x66, 0x66, 0x66, 0x66, 0x66, 0x66, 0x66, 0x66, 0x66, 0x66, 0x66, 0x66, 0x66, 0x66, 0x66, 0x66,
        0x66, 0x66, 0x66, 0x66, 0x66, 0x66, 0x66, 0x66, 0x66, 0x66, 0x66, 0x66, 0x66, 0x66, 0x66, 0x66, 0xcf, 0xff, 0xff, 0xff,
        0xff, 0xff, 0xff, 0xf8, 0x66, 0x66, 0x66, 0x66, 0x66, 0x66, 0x66, 0x66, 0x66, 0x66, 0x66, 0x66, 0x66, 0x66, 0x66, 0x66,
        0x66, 0x66, 0x66, 0x66, 0x66, 0x66, 0x66, 0x66, 0x66, 0x66, 0x66, 0x66, 0x66, 0x66, 0x66, 0x66, 0x7e, 0xff, 0xff, 0xff,
        0xff, 0xff, 0xff, 0xc6, 0x66, 0x66, 0x66, 0x66, 0x66, 0x66, 0x66, 0x66, 0x66, 0x66, 0x66, 0x66, 0x66, 0x66, 0x66, 0x66,
        0x66, 0x66, 0x66, 0x66, 0x66, 0x66, 0x66, 0x66, 0x66, 0x66, 0x66, 0x66, 0x66, 0x66, 0x66, 0x66, 0x6b, 0xff, 0xff, 0xff,
        0xff, 0xff, 0xff, 0xa6, 0x66, 0x66, 0x66, 0x66, 0x66, 0x66, 0x66, 0x66, 0x66, 0x66, 0x66, 0x66, 0x66, 0x66, 0x66, 0x66,
        0x66, 0x66, 0x66, 0x66, 0x66, 0x66, 0x66, 0x66, 0x66, 0x66, 0x66, 0x66, 0x66, 0x66, 0x66, 0x66, 0x68, 0xff, 0xff, 0xff,
        0xff, 0xff, 0xff, 0x96, 0x66, 0x66, 0x66, 0x66, 0x66, 0x66, 0x66, 0x66, 0x66, 0x66, 0x66, 0x66, 0x66, 0x66, 0x66, 0x77,
        0x77, 0x66, 0x66, 0x66, 0x66, 0x66, 0x66, 0x66, 0x66, 0x66, 0x66, 0x67, 0x66, 0x66, 0x66, 0x66, 0x67, 0xff, 0xff, 0xff,
        0xff, 0xff, 0xff, 0x96, 0x66, 0x66, 0x66, 0x66, 0x66, 0x66, 0x66, 0x66, 0x66, 0x66, 0x66, 0x66, 0x66, 0x79, 0xbd, 0xee,
        0xee, 0xdb, 0x97, 0x66, 0x66, 0x66, 0x66, 0x66, 0x66, 0x66, 0x6a, 0xee, 0xc7, 0x66, 0x66, 0x66, 0x67, 0xff, 0xff, 0xff,
        0xff, 0xff, 0xff, 0x96, 0x66, 0x66, 0x66, 0x66, 0x66, 0x66, 0x66, 0x66, 0x66, 0x66, 0x66, 0x66, 0x7a, 0xef, 0xff, 0xff,
        0xff, 0xff, 0xfe, 0xb7, 0x66, 0x66, 0x66, 0x66, 0x66, 0x66, 0xaf, 0xff, 0xfe, 0x76, 0x66, 0x66, 0x67, 0xff, 0xff, 0xff,
        0xff, 0xff, 0xff, 0x96, 0x66, 0x66, 0x66, 0x66, 0x66, 0x66, 0x66, 0x66, 0x66, 0x66, 0x66, 0x69, 0xef, 0xff, 0xff, 0xff,
        0xff, 0xff, 0xff, 0xfe, 0xa6, 0x66, 0x66, 0x66, 0x66, 0x67, 0xef, 0xff, 0xff, 0x96, 0x66, 0x66, 0x67, 0xff, 0xff, 0xff,
        0xff, 0xff, 0xff, 0x96, 0x66, 0x66, 0x66, 0x66, 0x66, 0x66, 0x66, 0x66, 0x66, 0x66, 0x66, 0xbf, 0xff, 0xff, 0xff, 0xff,
        0xff, 0xff, 0xff, 0xff, 0xfc, 0x76, 0x66, 0x66, 0x66, 0x67, 0xef, 0xff, 0xff, 0xa6, 0x66, 0x66, 0x67, 0xff, 0xff, 0xff,
        0xff, 0xff, 0xff, 0x96, 0x66, 0x66, 0x66, 0x66, 0x66, 0x66, 0x66, 0x66, 0x66, 0x66, 0x6c, 0xff, 0xff, 0xff, 0xff, 0xff,
        0xff, 0xff, 0xff, 0xff, 0xff, 0xd7, 0x66, 0x66, 0x66, 0x66, 0xcf, 0xff, 0xff, 0x86, 0x66, 0x66, 0x67, 0xff, 0xff, 0xff,
        0xff, 0xff, 0xff, 0x96, 0x66, 0x66, 0x66, 0x66, 0x66, 0x66, 0x66, 0x66, 0x66, 0x66, 0xbf, 0xff, 0xff, 0xff, 0xff, 0xff,
        0xff, 0xff, 0xff, 0xff, 0xff, 0xfd, 0x66, 0x66, 0x66, 0x66, 0x7e, 0xff, 0xfa, 0x66, 0x66, 0x66, 0x67, 0xff, 0xff, 0xff,
        0xff, 0xff, 0xff, 0x96, 0x66, 0x66, 0x66, 0x66, 0x66, 0x66, 0x66, 0x66, 0x66, 0x69, 0xff, 0xff, 0xff, 0xff, 0xff, 0xdc,
        0xcd, 0xff, 0xff, 0xff, 0xff, 0xff, 0xa6, 0x66, 0x66, 0x66, 0x67, 0x9a, 0x86, 0x66, 0x66, 0x66, 0x67, 0xff, 0xff, 0xff,
        0xff, 0xff, 0xff, 0x96, 0x66, 0x66, 0x66, 0x66, 0x66, 0x66, 0x66, 0x66, 0x66, 0x7e, 0xff, 0xff, 0xff, 0xfe, 0xa8, 0x66,
        0x66, 0x7a, 0xef, 0xff, 0xff, 0xff, 0xf8, 0x66, 0x66, 0x66, 0x66, 0x66, 0x66, 0x66, 0x66, 0x66, 0x67, 0xff, 0xff, 0xff,
        0xff, 0xff, 0xff, 0x96, 0x66, 0x66, 0x66, 0x66, 0x66, 0x66, 0x66, 0x66, 0x66, 0xaf, 0xff, 0xff, 0xff, 0xd8, 0x66, 0x66,
        0x66, 0x66, 0x7c, 0xff, 0xff, 0xff, 0xfc, 0x66, 0x66, 0x66, 0x66, 0x66, 0x66, 0x66, 0x66, 0x66, 0x67, 0xff, 0xff, 0xff,
        0xff, 0xff, 0xff, 0x96, 0x66, 0x66, 0x66, 0x66, 0x66, 0x66, 0x66, 0x66, 0x67, 0xef, 0xff, 0xff, 0xfd, 0x66, 0x66, 0x66,
        0x66, 0x66, 0x66, 0xcf, 0xff, 0xff, 0xff, 0x86, 0x66, 0x66, 0x66, 0x66, 0x66, 0x66, 0x66, 0x66, 0x67, 0xff, 0xff, 0xff,
        0xff, 0xff, 0xff, 0x96, 0x66, 0x66, 0x66, 0x66, 0x66, 0x66, 0x66, 0x66, 0x69, 0xff, 0xff, 0xff, 0xe7, 0x66, 0x66, 0x66,
        0x66, 0x66, 0x66, 0x6d, 0xff, 0xff, 0xff, 0xb6, 0x66, 0x66, 0x66, 0x66, 0x66, 0x66, 0x66, 0x66, 0x67, 0xff, 0xff, 0xff,
        0xff, 0xff, 0xff, 0x96, 0x66, 0x66, 0x66, 0x66, 0x66, 0x66, 0x66, 0x66, 0x6b, 0xff, 0xff, 0xff, 0xb6, 0x66, 0x66, 0x66,
        0x66, 0x66, 0x66, 0x69, 0xff, 0xff, 0xff, 0xd6, 0x66, 0x66, 0x66, 0x66, 0x66, 0x66, 0x66, 0x66, 0x67, 0xff, 0xff, 0xff,
        0xff, 0xff, 0xff, 0x96, 0x66, 0x66, 0x66, 0x66, 0x66, 0x66, 0x66, 0x66, 0x6d, 0xff, 0xff, 0xff, 0x76, 0x66, 0x66, 0x66,
        0x66, 0x66, 0x66, 0x66, 0xef, 0xff, 0xff, 0xe7, 0x66, 0x66, 0x66, 0x66, 0x66, 0x66, 0x66, 0x66, 0x67, 0xff, 0xff, 0xff,
        0xff, 0xff, 0xff, 0x96, 0x66, 0x66, 0x66, 0x66, 0x66, 0x66, 0x66, 0x66, 0x7e, 0xff, 0xff, 0xfd, 0x66, 0x66, 0x66, 0x66,
        0x66, 0x66, 0x66, 0x66, 0xcf, 0xff, 0xff, 0xf8, 0x66, 0x66, 0x66, 0x66, 0x66, 0x66, 0x66, 0x66, 0x67, 0xff, 0xff, 0xff,
        0xff, 0xff, 0xff, 0x96, 0x66, 0x66, 0x66, 0x66, 0x66, 0x66, 0x66, 0x66, 0x7e, 0xff, 0xff, 0xfc, 0x66, 0x66, 0x66, 0x66,
        0x66, 0x66, 0x66, 0x66, 0xaf, 0xff, 0xff, 0xf8, 0x66, 0x66, 0x66, 0x66, 0x66, 0x66, 0x66, 0x66, 0x67, 0xff, 0xff, 0xff,
        0xff, 0xff, 0xff, 0x96, 0x66, 0x66, 0x66, 0x66, 0x66, 0x66, 0x66, 0x66, 0x7e, 0xff, 0xff, 0xfc, 0x66, 0x66, 0x66, 0x66,
        0x66, 0x66, 0x66, 0x66, 0xaf, 0xff, 0xff, 0xf8, 0x66, 0x66, 0x66, 0x66, 0x66, 0x66, 0x66, 0x66, 0x67, 0xff, 0xff, 0xff,
        0xff, 0xff, 0xff, 0x96, 0x66, 0x66, 0x66, 0x66, 0x66, 0x66, 0x66, 0x66, 0x7e, 0xff, 0xff, 0xfd, 0x66, 0x66, 0x66, 0x66,
        0x66, 0x66, 0x66, 0x66, 0xbf, 0xff, 0xff, 0xf8, 0x66, 0x66, 0x66, 0x66, 0x66, 0x66, 0x66, 0x66, 0x67, 0xff, 0xff, 0xff,
        0xff, 0xff, 0xff, 0x96, 0x66, 0x66, 0x66, 0x66, 0x66, 0x66, 0x66, 0x66, 0x6d, 0xff, 0xff, 0xff, 0x76, 0x66, 0x66, 0x66,
        0x66, 0x66, 0x66, 0x66, 0xdf, 0xff, 0xff, 0xe7, 0x66, 0x66, 0x66, 0x66, 0x66, 0x66, 0x66, 0x66, 0x67, 0xff, 0xff, 0xff,
        0xff, 0xff, 0xff, 0x96, 0x66, 0x66, 0x66, 0x66, 0x66, 0x66, 0x66, 0x66, 0x6c, 0xff, 0xff, 0xff, 0xa6, 0x66, 0x66, 0x66,
        0x66, 0x66, 0x66, 0x68, 0xff, 0xff, 0xff, 0xd6, 0x66, 0x66, 0x66, 0x66, 0x66, 0x66, 0x66, 0x66, 0x67, 0xff, 0xff, 0xff,
        0xff, 0xff, 0xff, 0x96, 0x66, 0x66, 0x66, 0x66, 0x66, 0x66, 0x66, 0x66, 0x69, 0xff, 0xff, 0xff, 0xe7, 0x66, 0x66, 0x66,
        0x66, 0x66, 0x66, 0x6d, 0xff, 0xff, 0xff, 0xb6, 0x66, 0x66, 0x66, 0x66, 0x66, 0x66, 0x66, 0x66, 0x67, 0xff, 0xff, 0xff,
        0xff, 0xff, 0xff, 0x96, 0x66, 0x66, 0x66, 0x66, 0x66, 0x66, 0x66, 0x66, 0x67, 0xef, 0xff, 0xff, 0xfc, 0x66, 0x66, 0x66,
        0x66, 0x66, 0x66, 0xaf, 0xff, 0xff, 0xff, 0x86, 0x66, 0x66, 0x66, 0x66, 0x66, 0x66, 0x66, 0x66, 0x67, 0xff, 0xff, 0xff,
        0xff, 0xff, 0xff, 0x96, 0x66, 0x66, 0x66, 0x66, 0x66, 0x66, 0x66, 0x66, 0x66, 0xbf, 0xff, 0xff, 0xff, 0xb7, 0x66, 0x66,
        0x66, 0x66, 0x6a, 0xff, 0xff, 0xff, 0xfd, 0x66, 0x66, 0x66, 0x66, 0x66, 0x66, 0x66, 0x66, 0x66, 0x67, 0xff, 0xff, 0xff,
        0xff, 0xff, 0xff, 0x96, 0x66, 0x66, 0x66, 0x66, 0x66, 0x66, 0x66, 0x66, 0x66, 0x7f, 0xff, 0xff, 0xff, 0xfd, 0x97, 0x66,
        0x66, 0x68, 0xcf, 0xff, 0xff, 0xff, 0xf8, 0x66, 0x66, 0x66, 0x66, 0x66, 0x66, 0x66, 0x66, 0x66, 0x67, 0xff, 0xff, 0xff,
        0xff, 0xff, 0xff, 0x96, 0x66, 0x66, 0x66, 0x66, 0x66, 0x66, 0x66, 0x66, 0x66, 0x6a, 0xff, 0xff, 0xff, 0xff, 0xfe, 0xca,
        0xab, 0xdf, 0xff, 0xff, 0xff, 0xff, 0xc6, 0x66, 0x66, 0x66, 0x66, 0x66, 0x66, 0x66, 0x66, 0x66, 0x67, 0xff, 0xff, 0xff,
        0xff, 0xff, 0xff, 0x96, 0x66, 0x66, 0x66, 0x66, 0x66, 0x66, 0x66, 0x66, 0x66, 0x66, 0xcf, 0xff, 0xff, 0xff, 0xff, 0xff,
        0xff, 0xff, 0xff, 0xff, 0xff, 0xfe, 0x76, 0x66, 0x66, 0x66, 0x66, 0x66, 0x66, 0x66, 0x66, 0x66, 0x67, 0xff, 0xff, 0xff,
        0xff, 0xff, 0xff, 0x96, 0x66, 0x66, 0x66, 0x66, 0x66, 0x66, 0x66, 0x66, 0x66, 0x66, 0x7d, 0xff, 0xff, 0xff, 0xff, 0xff,
        0xff, 0xff, 0xff, 0xff, 0xff, 0xe8, 0x66, 0x66, 0x66, 0x66, 0x66, 0x66, 0x66, 0x66, 0x66, 0x66, 0x67, 0xff, 0xff, 0xff,
        0xff, 0xff, 0xff, 0x96, 0x66, 0x66, 0x66, 0x66, 0x66, 0x66, 0x66, 0x66, 0x66, 0x66, 0x67, 0xcf, 0xff, 0xff, 0xff, 0xff,
        0xff, 0xff, 0xff, 0xff, 0xfd, 0x86, 0x66, 0x66, 0x66, 0x66, 0x66, 0x66, 0x66, 0x66, 0x66, 0x66, 0x67, 0xff, 0xff, 0xff,
        0xff, 0xff, 0xff, 0x96, 0x66, 0x66, 0x66, 0x66, 0x66, 0x66, 0x66, 0x66, 0x66, 0x66, 0x66, 0x6b, 0xff, 0xff, 0xff, 0xff,
        0xff, 0xff, 0xff, 0xff, 0xc7, 0x66, 0x66, 0x66, 0x66, 0x66, 0x66, 0x66, 0x66, 0x66, 0x66, 0x66, 0x67, 0xff, 0xff, 0xff,
        0xff, 0xff, 0xff, 0x96, 0x66, 0x66, 0x66, 0x66, 0x66, 0x66, 0x66, 0x66, 0x66, 0x66, 0x66, 0x66, 0x8c, 0xff, 0xff, 0xff,
        0xff, 0xff, 0xff, 0xd8, 0x66, 0x66, 0x66, 0x66, 0x66, 0x66, 0x66, 0x66, 0x66, 0x66, 0x66, 0x66, 0x67, 0xff, 0xff, 0xff,
        0xff, 0xff, 0xff, 0x96, 0x66, 0x66, 0x66, 0x66, 0x66, 0x66, 0x66, 0x66, 0x66, 0x66, 0x66, 0x66, 0x66, 0x8b, 0xde, 0xff,
        0xff, 0xed, 0xb8, 0x66, 0x66, 0x66, 0x66, 0x66, 0x66, 0x66, 0x66, 0x66, 0x66, 0x66, 0x66, 0x66, 0x67, 0xff, 0xff, 0xff,
        0xff, 0xff, 0xff, 0x96, 0x66, 0x66, 0x66, 0x66, 0x66, 0x66, 0x66, 0x66, 0x66, 0x66, 0x66, 0x66, 0x66, 0x66, 0x67, 0x88,
        0x88, 0x76, 0x66, 0x66, 0x66, 0x66, 0x66, 0x66, 0x66, 0x66, 0x66, 0x66, 0x66, 0x66, 0x66, 0x66, 0x67, 0xff, 0xff, 0xff,
        0xff, 0xff, 0xff, 0x96, 0x66, 0x66, 0x66, 0x66, 0x66, 0x66, 0x66, 0x66, 0x66, 0x66, 0x66, 0x66, 0x66, 0x66, 0x66, 0x66,
        0x66, 0x66, 0x66, 0x66, 0x66, 0x66, 0x66, 0x66, 0x66, 0x66, 0x66, 0x66, 0x66, 0x66, 0x66, 0x66, 0x67, 0xff, 0xff, 0xff,
        0xff, 0xff, 0xff, 0x86, 0x66, 0x66, 0x66, 0x66, 0x66, 0x66, 0x66, 0x66, 0x66, 0x66, 0x66, 0x66, 0x66, 0x66, 0x66, 0x66,
        0x66, 0x66, 0x66, 0x66, 0x66, 0x66, 0x66, 0x66, 0x66, 0x66, 0x66, 0x66, 0x66, 0x66, 0x66, 0x66, 0x67, 0xff, 0xff, 0xff,
        0xff, 0xff, 0xff, 0x96, 0x66, 0x66, 0x66, 0x66, 0x66, 0x66, 0x66, 0x66, 0x66, 0x66, 0x66, 0x66, 0x66, 0x66, 0x66, 0x66,
        0x66, 0x66, 0x66, 0x66, 0x66, 0x66, 0x66, 0x66, 0x66, 0x66, 0x66, 0x66, 0x66, 0x66, 0x66, 0x66, 0x67, 0xff, 0xff, 0xff,
        0xff, 0xff, 0xff, 0xb6, 0x66, 0x66, 0x66, 0x66, 0x66, 0x66, 0x66, 0x66, 0x66, 0x66, 0x66, 0x66, 0x66, 0x66, 0x66, 0x66,
        0x66, 0x66, 0x66, 0x66, 0x66, 0x66, 0x66, 0x66, 0x66, 0x66, 0x66, 0x66, 0x66, 0x66, 0x66, 0x66, 0x69, 0xff, 0xff, 0xff,
        0xff, 0xff, 0xff, 0xd6, 0x66, 0x66, 0x66, 0x66, 0x66, 0x66, 0x66, 0x66, 0x66, 0x66, 0x66, 0x66, 0x66, 0x66, 0x66, 0x66,
        0x66, 0x66, 0x66, 0x66, 0x66, 0x66, 0x66, 0x66, 0x66, 0x66, 0x66, 0x66, 0x66, 0x66, 0x66, 0x66, 0x6c, 0xff, 0xff, 0xff,
        0xff, 0xff, 0xff, 0xf9, 0x66, 0x66, 0x66, 0x66, 0x66, 0x66, 0x66, 0x66, 0x66, 0x66, 0x66, 0x66, 0x66, 0x66, 0x66, 0x66,
        0x66, 0x66, 0x66, 0x66, 0x66, 0x66, 0x66, 0x66, 0x66, 0x66, 0x66, 0x66, 0x66, 0x66, 0x66, 0x66, 0x8f, 0xff, 0xff, 0xff,
        0xff, 0xff, 0xff, 0xfe, 0x86, 0x66, 0x66, 0x66, 0x66, 0x66, 0x66, 0x66, 0x66, 0x66, 0x66, 0x66, 0x66, 0x66, 0x66, 0x66,
        0x66, 0x66, 0x66, 0x66, 0x66, 0x66, 0x66, 0x66, 0x66, 0x66, 0x66, 0x66, 0x66, 0x66, 0x66, 0x67, 0xdf, 0xff, 0xff, 0xff,
        0xff, 0xff, 0xff, 0xff, 0xe8, 0x66, 0x66, 0x66, 0x66, 0x66, 0x66, 0x66, 0x66, 0x66, 0x66, 0x66, 0x66, 0x66, 0x66, 0x66,
        0x66, 0x66, 0x66, 0x66, 0x66, 0x66, 0x66, 0x66, 0x66, 0x66, 0x66, 0x66, 0x66, 0x66, 0x66, 0x8d, 0xff, 0xff, 0xff, 0xff,
        0xff, 0xff, 0xff, 0xff, 0xff, 0xb8, 0x76, 0x66, 0x66, 0x66, 0x66, 0x66, 0x66, 0x66, 0x66, 0x66, 0x66, 0x66, 0x66, 0x66,
        0x66, 0x66, 0x66, 0x66, 0x66, 0x66, 0x66, 0x66, 0x66, 0x66, 0x66, 0x66, 0x66, 0x66, 0x8a, 0xef, 0xff, 0xff, 0xff, 0xff,
        0xff, 0xff, 0xff, 0xff, 0xff, 0xff, 0xed, 0xdd, 0xdd, 0xdd, 0xdd, 0xdd, 0xdd, 0xdd, 0xdd, 0xdd, 0xdd, 0xdd, 0xdd, 0xdd,
        0xdd, 0xdd, 0xdd, 0xdd, 0xdd, 0xdd, 0xdd, 0xdd, 0xdd, 0xdd, 0xdd, 0xdd, 0xdd, 0xde, 0xff, 0xff, 0xff, 0xff, 0xff, 0xff,
        0xff, 0xff, 0xff, 0xff, 0xff, 0xff, 0xff, 0xff, 0xff, 0xff, 0xff, 0xff, 0xff, 0xff, 0xff, 0xff, 0xff, 0xff, 0xff, 0xff,
        0xff, 0xff, 0xff, 0xff, 0xff, 0xff, 0xff, 0xff, 0xff, 0xff, 0xff, 0xff, 0xff, 0xff, 0xff, 0xff, 0xff, 0xff, 0xff, 0xff,
        0xff, 0xff, 0xff, 0xff, 0xff, 0xff, 0xff, 0xff, 0xff, 0xff, 0xff, 0xff, 0xff, 0xff, 0xff, 0xff, 0xff, 0xff, 0xff, 0xff,
        0xff, 0xff, 0xff, 0xff, 0xff, 0xff, 0xff, 0xff, 0xff, 0xff, 0xff, 0xff, 0xff, 0xff, 0xff, 0xff, 0xff, 0xff, 0xff, 0xff,
        0xff, 0xff, 0xff, 0xff, 0xff, 0xff, 0xff, 0xff, 0xff, 0xff, 0xff, 0xff, 0xff, 0xff, 0xff, 0xff, 0xff, 0xff, 0xff, 0xff,
        0xff, 0xff, 0xff, 0xff, 0xff, 0xff, 0xff, 0xff, 0xff, 0xff, 0xff, 0xff, 0xff, 0xff, 0xff, 0xff, 0xff, 0xff, 0xff, 0xff,
        0xff, 0xff, 0xff, 0xff, 0xff, 0xff, 0xff, 0xff, 0xff, 0xff, 0xff, 0xff, 0xff, 0xff, 0xff, 0xff, 0xff, 0xff, 0xff, 0xff,
        0xff, 0xff, 0xff, 0xff, 0xff, 0xff, 0xff, 0xff, 0xff, 0xff, 0xff, 0xff, 0xff, 0xff, 0xff, 0xff, 0xff, 0xff, 0xff, 0xff,
        0xff, 0xff, 0xff, 0xff, 0xff, 0xff, 0xff, 0xff, 0xff, 0xff, 0xff, 0xff, 0xff, 0xff, 0xff, 0xff, 0xff, 0xff, 0xff, 0xff,
        0xff, 0xff, 0xff, 0xff, 0xff, 0xff, 0xff, 0xff, 0xff, 0xff, 0xff, 0xff, 0xff, 0xff, 0xff, 0xff, 0xff, 0xff, 0xff, 0xff,
        0xff, 0xff, 0xff, 0xff, 0xff, 0xff, 0xff, 0xff, 0xff, 0xff, 0xff, 0xff, 0xff, 0xff, 0xff, 0xff, 0xff, 0xff, 0xff, 0xff,
        0xff, 0xff, 0xff, 0xff, 0xff, 0xff, 0xff, 0xff, 0xff, 0xff, 0xff, 0xff, 0xff, 0xff, 0xff, 0xff, 0xff, 0xff, 0xff, 0xff,
        0xff, 0xff, 0xff, 0xff, 0xff, 0xff, 0xff, 0xff, 0xff, 0xff, 0xff, 0xff, 0xff, 0xff, 0xff, 0xff, 0xff, 0xff, 0xff, 0xff,
        0xff, 0xff, 0xff, 0xff, 0xff, 0xff, 0xff, 0xff, 0xff, 0xff, 0xff, 0xff, 0xff, 0xff, 0xff, 0xff, 0xff, 0xff, 0xff, 0xff,
        0xff, 0xff, 0xff, 0xff, 0xff, 0xff, 0xff, 0xff, 0xff, 0xff, 0xff, 0xff, 0xff, 0xff, 0xff, 0xff, 0xff, 0xff, 0xff, 0xff,
        0xff, 0xff, 0xff, 0xff, 0xff, 0xff, 0xff, 0xff, 0xff, 0xff, 0xff, 0xff, 0xff, 0xff, 0xff, 0xff, 0xff, 0xff, 0xff, 0xff,
        0xff, 0xff, 0xff, 0xff, 0xff, 0xff, 0xff, 0xff, 0xff, 0xff, 0xff, 0xff, 0xff, 0xff, 0xff, 0xff, 0xff, 0xff, 0xff, 0xff,
        0xff, 0xff, 0xff, 0xff, 0xff, 0xff, 0xff, 0xff, 0xff, 0xff, 0xff, 0xff, 0xff, 0xff, 0xff, 0xff, 0xff, 0xff, 0xff, 0xff,
    },
    {
        0xff, 0xff, 0xff, 0xff, 0xff, 0xff, 0xff, 0xff, 0xff, 0xff, 0xff, 0xff, 0xff, 0xff, 0xff, 0xff, 0xff, 0xff, 0xff, 0xff,
        0xff, 0xff, 0xff, 0xff, 0xff, 0xff, 0xff, 0xff, 0xff, 0xff, 0xff, 0xff, 0xff, 0xff, 0xff, 0xff, 0xff, 0xff, 0xff, 0xff,
        0xff, 0xff, 0xff, 0xff, 0xff, 0xff, 0xff, 0xff, 0xff, 0xff, 0xff, 0xff, 0xff, 0xff, 0xff, 0xff, 0xff, 0xff, 0xff, 0xff,
        0xff, 0xff, 0xff, 0xff, 0xff, 0xff, 0xff, 0xff, 0xff, 0xff, 0xff, 0xff, 0xff, 0xff, 0xff, 0xff, 0xff, 0xff, 0xff, 0xff,
        0xff, 0xff, 0xff, 0xff, 0xff, 0xff, 0xff, 0xff, 0xff, 0xff, 0xff, 0xff, 0xff, 0xff, 0xff, 0xff, 0xff, 0xff, 0xff, 0xff,
        0xff, 0xff, 0xff, 0xff, 0xff, 0xff, 0xff, 0xff, 0xff, 0xff, 0xff, 0xff, 0xff, 0xff, 0xff, 0xff, 0xff, 0xff, 0xff, 0xff,
        0xff, 0xff, 0xff, 0xff, 0xff, 0xff, 0xff, 0xff, 0xff, 0xff, 0xff, 0xff, 0xff, 0xff, 0xff, 0xff, 0xff, 0xff, 0xff, 0xff,
        0xff, 0xff, 0xff, 0xff, 0xff, 0xff, 0xff, 0xff, 0xff, 0xff, 0xff, 0xff, 0xff, 0xff, 0xff, 0xff, 0xff, 0xff, 0xff, 0xff,
        0xff, 0xff, 0xff, 0xff, 0xff, 0xff, 0xff, 0xff, 0xff, 0xff, 0xff, 0xff, 0xff, 0xff, 0xff, 0xff, 0xff, 0xff, 0xff, 0xff,
        0xff, 0xff, 0xff, 0xff, 0xff, 0xff, 0xff, 0xff, 0xff, 0xff, 0xff, 0xff, 0xff, 0xff, 0xff, 0xff, 0xff, 0xff, 0xff, 0xff,
        0xff, 0xff, 0xff, 0xff, 0xff, 0xff, 0xff, 0xff, 0xff, 0xff, 0xff, 0xff, 0xff, 0xff, 0xff, 0xff, 0xff, 0xff, 0xff, 0xfb,
        0xaf, 0xff, 0xff, 0xff, 0xff, 0xff, 0xff, 0xff, 0xff, 0xff, 0xff, 0xff, 0xff, 0xff, 0xff, 0xff, 0xff, 0xff, 0xff, 0xff,
        0xff, 0xff, 0xff, 0xff, 0xff, 0xff, 0xff, 0xff, 0xff, 0xff, 0xff, 0xff, 0xff, 0xff, 0xff, 0xff, 0xff, 0xff, 0xff, 0xd6,
        0x6b, 0xff, 0xff, 0xff, 0xff, 0xff, 0xff, 0xff, 0xff, 0xff, 0xff, 0xff, 0xff, 0xff, 0xff, 0xff, 0xff, 0xff, 0xff, 0xff,
        0xff, 0xff, 0xff, 0xff, 0xff, 0xff, 0xff, 0xff, 0xff, 0xff, 0xff, 0xff, 0xff, 0xff, 0xff, 0xff, 0xff, 0xff, 0xfd, 0x76,
        0x66, 0xbf, 0xff, 0xff, 0xff, 0xff, 0xff, 0xff, 0xff, 0xff, 0xff, 0xff, 0xff, 0xff, 0xff, 0xff, 0xff, 0xff, 0xff, 0xff,
        0xff, 0xff, 0xff, 0xff, 0xff, 0xff, 0xff, 0xff, 0xff, 0xff, 0xff, 0xff, 0xff, 0xff, 0xff, 0xff, 0xff, 0xff, 0xd7, 0x66,
        0x66, 0x6c, 0xff, 0xff, 0xff, 0xff, 0xff, 0xff, 0xff, 0xff, 0xff, 0xff, 0xff, 0xff, 0xff, 0xff, 0xff, 0xff, 0xff, 0xff,
        0xff, 0xff, 0xff, 0xff, 0xff, 0xff, 0xff, 0xff, 0xff, 0xff, 0xff, 0xff, 0xff, 0xff, 0xff, 0xff, 0xff, 0xfe, 0x76, 0x66,
        0x66, 0x67, 0xdf, 0xff, 0xff, 0xff, 0xff, 0xff, 0xff, 0xff, 0xff, 0xff, 0xff, 0xff, 0xff, 0xff, 0xff, 0xff, 0xff, 0xff,
        0xff, 0xff, 0xff, 0xff, 0xff, 0xff, 0xff, 0xff, 0xff, 0xff, 0xff, 0xff, 0xff, 0xff, 0xff, 0xff, 0xff, 0xe8, 0x66, 0x66,
        0x66, 0x66, 0x7d, 0xff, 0xff, 0xff, 0xff, 0xff, 0xff, 0xff, 0xff, 0xff, 0xff, 0xff, 0xff, 0xff, 0xff, 0xff, 0xff, 0xff,
        0xff, 0xff, 0xff, 0xff, 0xff, 0xff, 0xff, 0xff, 0xff, 0xff, 0xff, 0xff, 0xff, 0xff, 0xff, 0xff, 0xff, 0x86, 0x66, 0x66,
        0x66, 0x66, 0x67, 0xef, 0xff, 0xff, 0xff, 0xff, 0xff, 0xff, 0xff, 0xff, 0xff, 0xff, 0xff, 0xff, 0xff, 0xff, 0xff, 0xff,
        0xff, 0xff, 0xff, 0xff, 0xff, 0xff, 0xff, 0xff, 0xff, 0xff, 0xff, 0xff, 0xff, 0xff, 0xff, 0xff, 0xf9, 0x66, 0x66, 0x66,
        0x66, 0x66, 0x66, 0x8e, 0xff, 0xff, 0xff, 0xff, 0xff, 0xff, 0xff, 0xff, 0xff, 0xff, 0xff, 0xff, 0xff, 0xff, 0xff, 0xff,
        0xff, 0xff, 0xff, 0xff, 0xff, 0xff, 0xff, 0xff, 0xff, 0xff, 0xff, 0xff, 0xff, 0xff, 0xff, 0xff, 0x96, 0x66, 0x66, 0x66,
        0x66, 0x66, 0x66, 0x68, 0xff, 0xff, 0xff, 0xff, 0xff, 0xff, 0xff, 0xff, 0xff, 0xff, 0xff, 0xff, 0xff, 0xff, 0xff, 0xff,
        0xff, 0xff, 0xff, 0xff, 0xff, 0xff, 0xff, 0xff, 0xff, 0xff, 0xff, 0xff, 0xff, 0xff, 0xff, 0xfa, 0x66, 0x66, 0x66, 0x66,
        0x66, 0x66, 0x66, 0x66, 0x9f, 0xff, 0xff, 0xff, 0xff, 0xff, 0xff, 0xff, 0xff, 0xff, 0xff, 0xff, 0xff, 0xff, 0xff, 0xff,
        0xff, 0xff, 0xff, 0xff, 0xff, 0xff, 0xff, 0xff, 0xff, 0xff, 0xff, 0xff, 0xff, 0xff, 0xff, 0xa6, 0x66, 0x66, 0x66, 0x66,
        0x66, 0x66, 0x66, 0x66, 0x69, 0xff, 0xff, 0xff, 0xff, 0xff, 0xff, 0xff, 0xff, 0xff, 0xff, 0xff, 0xff, 0xff, 0xff, 0xff,
        0xff, 0xff, 0xff, 0xff, 0xff, 0xff, 0xff, 0xff, 0xff, 0xff, 0xff, 0xff, 0xff, 0xff, 0xfb, 0x66, 0x66, 0x66, 0x66, 0x66,
        0x66, 0x66, 0x66, 0x66, 0x66, 0xaf, 0xff, 0xff, 0xff, 0xff, 0xff, 0xff, 0xff, 0xff, 0xff, 0xff, 0xff, 0xff, 0xff, 0xff,
        0xff, 0xff, 0xff, 0xff, 0xff, 0xff, 0xff, 0xff, 0xff, 0xff, 0xff, 0xff, 0xff, 0xff, 0xc6, 0x66, 0x66, 0x66, 0x66, 0x66,
        0x66, 0x66, 0x66, 0x66, 0x66, 0x6a, 0xff, 0xff, 0xff, 0xff, 0xff, 0xff, 0xff, 0xff, 0xff, 0xff, 0xff, 0xff, 0xff, 0xff,
        0xff, 0xff, 0xff, 0xff, 0xff, 0xff, 0xff, 0xff, 0xff, 0xff, 0xff, 0xff, 0xff, 0xfc, 0x66, 0x66, 0x66, 0x66, 0x66, 0x66,
        0x66, 0x66, 0x66, 0x66, 0x66, 0x66, 0xbf, 0xff, 0xff, 0xff, 0xff, 0xff, 0xff, 0xff, 0xff, 0xff, 0xff, 0xff, 0xff, 0xff,
        0xff, 0xff, 0xff, 0xff, 0xff, 0xff, 0xff, 0xff, 0xff, 0xff, 0xff, 0xff, 0xff, 0xd7, 0x66, 0x66, 0x66, 0x66, 0x66, 0x66,
        0x66, 0x66, 0x66, 0x66, 0x66, 0x66, 0x6c, 0xff, 0xff, 0xff, 0xff, 0xff, 0xff, 0xff, 0xff, 0xff, 0xff, 0xff, 0xff, 0xff,
        0xff, 0xff, 0xff, 0xff, 0xff, 0xff, 0xff, 0xff, 0xff, 0xff, 0xff, 0xff, 0xfd, 0x76, 0x66, 0x66, 0x66, 0x66, 0x66, 0x66,
        0x66, 0x66, 0x66, 0x66, 0x66, 0x66, 0x66, 0xcf, 0xff, 0xff, 0xff, 0xff, 0xff, 0xff, 0xff, 0xff, 0xff, 0xff, 0xff, 0xff,
        0xff, 0xff, 0xff, 0xff, 0xff, 0xff, 0xff, 0xff, 0xff, 0xff, 0xff, 0xff, 0xe7, 0x66, 0x66, 0x66, 0x66, 0x66, 0x66, 0x66,
        0x66, 0x66, 0x66, 0x66, 0x66, 0x66, 0x66, 0x6d, 0xff, 0xff, 0xff, 0xff, 0xff, 0xff, 0xff, 0xff, 0xff, 0xff, 0xff, 0xff,
        0xff, 0xff, 0xff, 0xff, 0xff, 0xff, 0xff, 0xff, 0xff, 0xff, 0xff, 0xfe, 0x86, 0x66, 0x66, 0x66, 0x66, 0x66, 0x66, 0x66,
        0x66, 0x66, 0x66, 0x66, 0x66, 0x66, 0x66, 0x67, 0xdf, 0xff, 0xff, 0xff, 0xff, 0xff, 0xff, 0xff, 0xff, 0xff, 0xff, 0xff,
        0xff, 0xff, 0xff, 0xff, 0xff, 0xff, 0xff, 0xff, 0xff, 0xff, 0xff, 0xf8, 0x66, 0x66, 0x66, 0x66, 0x66, 0x66, 0x66, 0x66,
        0x66, 0x66, 0x66, 0x66, 0x66, 0x66, 0x66, 0x66, 0x7e, 0xff, 0xff, 0xff, 0xff, 0xff, 0xff, 0xff, 0xff, 0xff, 0xff, 0xff,
        0xff, 0xff, 0xff, 0xff, 0xff, 0xff, 0xff, 0xff, 0xff, 0xff, 0xff, 0x96, 0x66, 0x66, 0x66, 0x66, 0x66, 0x66, 0x66, 0x66,
        0x66, 0x66, 0x66, 0x66, 0x66, 0x66, 0x66, 0x66, 0x68, 0xef, 0xff, 0xff, 0xff, 0xff, 0xff, 0xff, 0xff, 0xff, 0xff, 0xff,
        0xff, 0xff, 0xff, 0xff, 0xff, 0xff, 0xff, 0xff, 0xff, 0xff, 0xf9, 0x66, 0x66, 0x66, 0x66, 0x66, 0x66, 0x66, 0x66, 0x66,
        0x66, 0x66, 0x66, 0x66, 0x66, 0x66, 0x66, 0x66, 0x66, 0x8e, 0xff, 0xff, 0xff, 0xff, 0xff, 0xff, 0xff, 0xff, 0xff, 0xff,
        0xff, 0xff, 0xff, 0xff, 0xff, 0xff, 0xff, 0xff, 0xff, 0xff, 0xa6, 0x66, 0x66, 0x66, 0x66, 0x66, 0x66, 0x66, 0x66, 0x66,
        0x66, 0x66, 0x66, 0x66, 0x66, 0x66, 0x66, 0x66, 0x66, 0x68, 0xff, 0xff, 0xff, 0xff, 0xff, 0xff, 0xff, 0xff, 0xff, 0xff,
        0xff, 0xff, 0xff, 0xff, 0xff, 0xff, 0xff, 0xff, 0xff, 0xfa, 0x66, 0x66, 0x66, 0x66, 0x66, 0x66, 0x66, 0x66, 0x66, 0x66,
        0x66, 0x66, 0x66, 0x66, 0x66, 0x66, 0x66, 0x66, 0x66, 0x66, 0x9f, 0xff, 0xff, 0xff, 0xff, 0xff, 0xff, 0xff, 0xff, 0xff,
        0xff, 0xff, 0xff, 0xff, 0xff, 0xff, 0xff, 0xff, 0xff, 0xb6, 0x66, 0x66, 0x66, 0x66, 0x66, 0x66, 0x66, 0x66, 0x66, 0x66,
        0x66, 0x66, 0x66, 0x66, 0x66, 0x66, 0x66, 0x66, 0x66, 0x66, 0x69, 0xff, 0xff, 0xff, 0xff, 0xff, 0xff, 0xff, 0xff, 0xff,
        0xff, 0xff, 0xff, 0xff, 0xff, 0xff, 0xff, 0xff, 0xfc, 0x66, 0x66, 0x66, 0x66, 0x66, 0x66, 0x66, 0x66, 0x66, 0x66, 0x66,
        0x66, 0x66, 0x66, 0x66, 0x66, 0x66, 0x66, 0x66, 0x66, 0x66, 0x66, 0xaf, 0xff, 0xff, 0xff, 0xff, 0xff, 0xff, 0xff, 0xff,
        0xff, 0xff, 0xff, 0xff, 0xff, 0xff, 0xff, 0xff, 0xc6, 0x66, 0x66, 0x66, 0x66, 0x66, 0x66, 0x66, 0x66, 0x66, 0x66, 0x66,
        0x66, 0x66, 0x66, 0x66, 0x66, 0x66, 0x66, 0x66, 0x66, 0x66, 0x66, 0x6a, 0xff, 0xff, 0xff, 0xff, 0xff, 0xff, 0xff, 0xff,
        0xff, 0xff, 0xff, 0xff, 0xff, 0xff, 0xff, 0xfd, 0x66, 0x66, 0x66, 0x66, 0x66, 0x66, 0x66, 0x66, 0x66, 0x66, 0x66, 0x66,
        0x66, 0x66, 0x66, 0x66, 0x66, 0x66, 0x66, 0x66, 0x66, 0x66, 0x66, 0x66, 0xcf, 0xff, 0xff, 0xff, 0xff, 0xff, 0xff, 0xff,
        0xff, 0xff, 0xff, 0xff, 0xff, 0xff, 0xff, 0xd7, 0x66, 0x66, 0x66, 0x66, 0x66, 0x66, 0x66, 0x66, 0x66, 0x66, 0x66, 0x66,
        0x66, 0x66, 0x66, 0x66, 0x66, 0x66, 0x66, 0x66, 0x66, 0x66, 0x66, 0x66, 0x6c, 0xff, 0xff, 0xff, 0xff, 0xff, 0xff, 0xff,
        0xff, 0xff, 0xff, 0xff, 0xff, 0xff, 0xfe, 0x76, 0x66, 0x66, 0x66, 0x66, 0x66, 0x66, 0x66, 0x66, 0x66, 0x66, 0x66, 0x66,
        0x66, 0x66, 0x66, 0x66, 0x66, 0x66, 0x66, 0x66, 0x66, 0x66, 0x66, 0x66, 0x66, 0xdf, 0xff, 0xff, 0xff, 0xff, 0xff, 0xff,
        0xff, 0xff, 0xff, 0xff, 0xff, 0xff, 0xe8, 0x66, 0x66, 0x66, 0x66, 0x66, 0x66, 0x66, 0x66, 0x66, 0x66, 0x66, 0x66, 0x66,
        0x66, 0x66, 0x66, 0x66, 0x66, 0x66, 0x66, 0x66, 0x66, 0x66, 0x66, 0x66, 0x66, 0x7d, 0xff, 0xff, 0xff, 0xff, 0xff, 0xff,
        0xff, 0xff, 0xff, 0xff, 0xff, 0xff, 0xed, 0xdd, 0xdd, 0xdd, 0xdd, 0xdd, 0xdd, 0xda, 0x66, 0x66, 0x66, 0x66, 0x66, 0x66,
        0x66, 0x66, 0x66, 0x66, 0x66, 0x66, 0x8d, 0xdd, 0xdd, 0xdd, 0xdd, 0xdd, 0xdd, 0xde, 0xff, 0xff, 0xff, 0xff, 0xff, 0xff,
        0xff, 0xff, 0xff, 0xff, 0xff, 0xff, 0xff, 0xff, 0xff, 0xff, 0xff, 0xff, 0xff, 0xfb, 0x66, 0x66, 0x66, 0x66, 0x66, 0x66,
        0x66, 0x66, 0x66, 0x66, 0x66, 0x66, 0x9f, 0xff, 0xff, 0xff, 0xff, 0xff, 0xff, 0xff, 0xff, 0xff, 0xff, 0xff, 0xff, 0xff,
        0xff, 0xff, 0xff, 0xff, 0xff, 0xff, 0xff, 0xff, 0xff, 0xff, 0xff, 0xff, 0xff, 0xfb, 0x66, 0x66, 0x66, 0x66, 0x66, 0x66,
        0x66, 0x66, 0x66, 0x66, 0x66, 0x66, 0x9f, 0xff, 0xff, 0xff, 0xff, 0xff, 0xff, 0xff, 0xff, 0xff, 0xff, 0xff, 0xff, 0xff,
        0xff, 0xff, 0xff, 0xff, 0xff, 0xff, 0xff, 0xff, 0xff, 0xff, 0xff, 0xff, 0xff, 0xfb, 0x66, 0x66, 0x66, 0x66, 0x66, 0x66,
        0x66, 0x66, 0x66, 0x66, 0x66, 0x66, 0x9f, 0xff, 0xff, 0xff, 0xff, 0xff, 0xff, 0xff, 0xff, 0xff, 0xff, 0xff, 0xff, 0xff,
        0xff, 0xff, 0xff, 0xff, 0xff, 0xff, 0xff, 0xff, 0xff, 0xff, 0xff, 0xff, 0xff, 0xfb, 0x66, 0x66, 0x66, 0x66, 0x66, 0x66,
        0x66, 0x66, 0x66, 0x66, 0x66, 0x66, 0x9f, 0xff, 0xff, 0xff, 0xff, 0xff, 0xff, 0xff, 0xff, 0xff, 0xff, 0xff, 0xff, 0xff,
        0xff, 0xff, 0xff, 0xff, 0xff, 0xff, 0xff, 0xff, 0xff, 0xff, 0xff, 0xff, 0xff, 0xfb, 0x66, 0x66, 0x66, 0x66, 0x66, 0x66,
        0x66, 0x66, 0x66, 0x66, 0x66, 0x66, 0x9f, 0xff, 0xff, 0xff, 0xff, 0xff, 0xff, 0xff, 0xff, 0xff, 0xff, 0xff, 0xff, 0xff,
        0xff, 0xff, 0xff, 0xff, 0xff, 0xff, 0xff, 0xff, 0xff, 0xff, 0xff, 0xff, 0xff, 0xfb, 0x66, 0x66, 0x66, 0x66, 0x66, 0x66,
        0x66, 0x66, 0x66, 0x66, 0x66, 0x66, 0x9f, 0xff, 0xff, 0xff, 0xff, 0xff, 0xff, 0xff, 0xff, 0xff, 0xff, 0xff, 0xff, 0xff,
        0xff, 0xff, 0xff, 0xff, 0xff, 0xff, 0xff, 0xff, 0xff, 0xff, 0xff, 0xff, 0xff, 0xfb, 0x66, 0x66, 0x66, 0x66, 0x66, 0x66,
        0x66, 0x66, 0x66, 0x66, 0x66, 0x66, 0x9f, 0xff, 0xff, 0xff, 0xff, 0xff, 0xff, 0xff, 0xff, 0xff, 0xff, 0xff, 0xff, 0xff,
        0xff, 0xff, 0xff, 0xff, 0xff, 0xff, 0xff, 0xff, 0xff, 0xff, 0xff, 0xff, 0xff, 0xfb, 0x66, 0x66, 0x66, 0x66, 0x66, 0x66,
        0x66, 0x66, 0x66, 0x66, 0x66, 0x66, 0x9f, 0xff, 0xff, 0xff, 0xff, 0xff, 0xff, 0xff, 0xff, 0xff, 0xff, 0xff, 0xff, 0xff,
        0xff, 0xff, 0xff, 0xff, 0xff, 0xff, 0xff, 0xff, 0xff, 0xff, 0xff, 0xff, 0xff, 0xfb, 0x66, 0x66, 0x66, 0x66, 0x66, 0x66,
        0x66, 0x66, 0x66, 0x66, 0x66, 0x66, 0x9f, 0xff, 0xff, 0xff, 0xff, 0xff, 0xff, 0xff, 0xff, 0xff, 0xff, 0xff, 0xff, 0xff,
        0xff, 0xff, 0xff, 0xff, 0xff, 0xff, 0xff, 0xff, 0xff, 0xff, 0xff, 0xff, 0xff, 0xfb, 0x66, 0x66, 0x66, 0x66, 0x66, 0x66,
        0x66, 0x66, 0x66, 0x66, 0x66, 0x66, 0x9f, 0xff, 0xff, 0xff, 0xff, 0xff, 0xff, 0xff, 0xff, 0xff, 0xff, 0xff, 0xff, 0xff,
        0xff, 0xff, 0xff, 0xff, 0xff, 0xff, 0xff, 0xff, 0xff, 0xff, 0xff, 0xff, 0xff, 0xfb, 0x66, 0x66, 0x66, 0x66, 0x66, 0x66,
        0x66, 0x66, 0x66, 0x66, 0x66, 0x66, 0x9f, 0xff, 0xff, 0xff, 0xff, 0xff, 0xff, 0xff, 0xff, 0xff, 0xff, 0xff, 0xff, 0xff,
        0xff, 0xff, 0xff, 0xff, 0xff, 0xfe, 0xcb, 0xbb, 0xbc, 0xff, 0xff, 0xff, 0xff, 0xfb, 0x66, 0x66, 0x66, 0x66, 0x66, 0x66,
        0x66, 0x66, 0x66, 0x66, 0x66, 0x66, 0x9f, 0xff, 0xff, 0xff, 0xff, 0xdb, 0xbb, 0xbc, 0xef, 0xff, 0xff, 0xff, 0xff, 0xff,
        0xff, 0xff, 0xff, 0xff, 0xff, 0xb7, 0x66, 0x66, 0x6a, 0xff, 0xff, 0xff, 0xff, 0xfb, 0x66, 0x66, 0x66, 0x66, 0x66, 0x66,
        0x66, 0x66, 0x66, 0x66, 0x66, 0x66, 0x9f, 0xff, 0xff, 0xff, 0xff, 0xc6, 0x66, 0x66, 0x7a, 0xff, 0xff, 0xff, 0xff, 0xff,
        0xff, 0xff, 0xff, 0xff, 0xfa, 0x66, 0x66, 0x67, 0x6b, 0xff, 0xff, 0xff, 0xff, 0xfb, 0x66, 0x66, 0x66, 0x66, 0x66, 0x66,
        0x66, 0x66, 0x66, 0x66, 0x66, 0x66, 0x9f, 0xff, 0xff, 0xff, 0xff, 0xd6, 0x76, 0x66, 0x66, 0x8f, 0xff, 0xff, 0xff, 0xff,
        0xff, 0xff, 0xff, 0xff, 0xb6, 0x66, 0x66, 0x66, 0x6b, 0xff, 0xff, 0xff, 0xff, 0xfb, 0x67, 0x66, 0x66, 0x66, 0x66, 0x66,
        0x66, 0x66, 0x66, 0x66, 0x66, 0x66, 0x9f, 0xff, 0xff, 0xff, 0xff, 0xc6, 0x66, 0x66, 0x66, 0x6a, 0xff, 0xff, 0xff, 0xff,
        0xff, 0xff, 0xff, 0xfe, 0x76, 0x66, 0x66, 0x66, 0x6b, 0xff, 0xff, 0xff, 0xff, 0xfa, 0x66, 0x66, 0x66, 0x66, 0x66, 0x66,
        0x66, 0x66, 0x66, 0x66, 0x66, 0x66, 0x8f, 0xff, 0xff, 0xff, 0xff, 0xc6, 0x66, 0x66, 0x66, 0x66, 0xdf, 0xff, 0xff, 0xff,
        0xff, 0xff, 0xff, 0xfc, 0x66, 0x66, 0x66, 0x66, 0x6b, 0xff, 0xff, 0xff, 0xff, 0xfc, 0x99, 0x99, 0x99, 0x99, 0x99, 0x99,
        0x99, 0x99, 0x99, 0x99, 0x99, 0x99, 0xbf, 0xff, 0xff, 0xff, 0xff, 0xc6, 0x66, 0x66, 0x66, 0x66, 0xbf, 0xff, 0xff, 0xff,
        0xff, 0xff, 0xff, 0xfb, 0x66, 0x66, 0x66, 0x66, 0x6b, 0xff, 0xff, 0xff, 0xff, 0xff, 0xff, 0xff, 0xff, 0xff, 0xff, 0xff,
        0xff, 0xff, 0xff, 0xff, 0xff, 0xff, 0xff, 0xff, 0xff, 0xff, 0xff, 0xc6, 0x66, 0x66, 0x66, 0x66, 0x9f, 0xff, 0xff, 0xff,
        0xff, 0xff, 0xff, 0xfb, 0x66, 0x66, 0x66, 0x66, 0x6b, 0xff, 0xff, 0xff, 0xff, 0xff, 0xff, 0xff, 0xff, 0xff, 0xff, 0xff,
        0xff, 0xff, 0xff, 0xff, 0xff, 0xff, 0xff, 0xff, 0xff, 0xff, 0xff, 0xc6, 0x66, 0x66, 0x66, 0x66, 0x9f, 0xff, 0xff, 0xff,
        0xff, 0xff, 0xff, 0xfb, 0x66, 0x66, 0x66, 0x66, 0x6b, 0xff, 0xff, 0xff, 0xff, 0xff, 0xff, 0xff, 0xff, 0xff, 0xff, 0xff,
        0xff, 0xff, 0xff, 0xff, 0xff, 0xff, 0xff, 0xff, 0xff, 0xff, 0xff, 0xc6, 0x66, 0x66, 0x66, 0x66, 0x9f, 0xff, 0xff, 0xff,
        0xff, 0xff, 0xff, 0xfb, 0x66, 0x66, 0x66, 0x66, 0x6b, 0xff, 0xff, 0xff, 0xff, 0xff, 0xff, 0xff, 0xff, 0xff, 0xff, 0xff,
        0xff, 0xff, 0xff, 0xff, 0xff, 0xff, 0xff, 0xff, 0xff, 0xff, 0xff, 0xd6, 0x66, 0x66, 0x66, 0x66, 0x9f, 0xff, 0xff, 0xff,
        0xff, 0xff, 0xff, 0xfb, 0x66, 0x66, 0x66, 0x66, 0x69, 0xff, 0xff, 0xff, 0xff, 0xff, 0xff, 0xff, 0xff, 0xff, 0xff, 0xff,
        0xff, 0xff, 0xff, 0xff, 0xff, 0xff, 0xff, 0xff, 0xff, 0xff, 0xff, 0xb6, 0x66, 0x66, 0x66, 0x66, 0x9f, 0xff, 0xff, 0xff,
        0xff, 0xff, 0xff, 0xfb, 0x66, 0x66, 0x66, 0x66, 0x67, 0xdf, 0xff, 0xff, 0xff, 0xff, 0xff, 0xff, 0xff, 0xff, 0xff, 0xff,
        0xff, 0xff, 0xff, 0xff, 0xff, 0xff, 0xff, 0xff, 0xff, 0xff, 0xfe, 0x76, 0x66, 0x66, 0x66, 0x66, 0x9f, 0xff, 0xff, 0xff,
        0xff, 0xff, 0xff, 0xfb, 0x66, 0x66, 0x66, 0x66, 0x66, 0x7c, 0xff, 0xff, 0xff, 0xff, 0xff, 0xff, 0xff, 0xff, 0xff, 0xff,
        0xff, 0xff, 0xff, 0xff, 0xff, 0xff, 0xff, 0xff, 0xff, 0xff, 0xd8, 0x66, 0x66, 0x66, 0x66, 0x66, 0x9f, 0xff, 0xff, 0xff,
        0xff, 0xff, 0xff, 0xfb, 0x66, 0x66, 0x66, 0x66, 0x66, 0x66, 0x88, 0x88, 0x88, 0x88, 0x88, 0x88, 0x88, 0x88, 0x88, 0x88,
        0x88, 0x88, 0x88, 0x88, 0x88, 0x88, 0x88, 0x88, 0x88, 0x88, 0x66, 0x66, 0x66, 0x66, 0x66, 0x66, 0x9f, 0xff, 0xff, 0xff,
        0xff, 0xff, 0xff, 0xfb, 0x66, 0x66, 0x66, 0x66, 0x66, 0x66, 0x66, 0x66, 0x66, 0x66, 0x66, 0x66, 0x66, 0x66, 0x66, 0x66,
        0x66, 0x66, 0x66, 0x66, 0x66, 0x66, 0x66, 0x66, 0x66, 0x66, 0x66, 0x66, 0x66, 0x66, 0x66, 0x66, 0x9f, 0xff, 0xff, 0xff,
        0xff, 0xff, 0xff, 0xfb, 0x66, 0x66, 0x66, 0x66, 0x66, 0x66, 0x66, 0x66, 0x66, 0x66, 0x66, 0x66, 0x66, 0x66, 0x66, 0x66,
        0x66, 0x66, 0x66, 0x66, 0x66, 0x66, 0x66, 0x66, 0x66, 0x66, 0x66, 0x66, 0x66, 0x66, 0x66, 0x66, 0x9f, 0xff, 0xff, 0xff,
        0xff, 0xff, 0xff, 0xfb, 0x66, 0x66, 0x66, 0x66, 0x66, 0x66, 0x66, 0x66, 0x66, 0x66, 0x66, 0x66, 0x66, 0x66, 0x66, 0x66,
        0x66, 0x66, 0x66, 0x66, 0x66, 0x66, 0x66, 0x66, 0x66, 0x66, 0x66, 0x66, 0x66, 0x66, 0x66, 0x66, 0x9f, 0xff, 0xff, 0xff,
        0xff, 0xff, 0xff, 0xfb, 0x66, 0x66, 0x66, 0x66, 0x66, 0x66, 0x66, 0x66, 0x66, 0x66, 0x66, 0x66, 0x66, 0x66, 0x66, 0x66,
        0x66, 0x66, 0x66, 0x66, 0x66, 0x66, 0x66, 0x66, 0x66, 0x66, 0x66, 0x66, 0x66, 0x66, 0x66, 0x66, 0x9f, 0xff, 0xff, 0xff,
        0xff, 0xff, 0xff, 0xfd, 0x66, 0x66, 0x66, 0x66, 0x66, 0x66, 0x66, 0x66, 0x66, 0x66, 0x66, 0x66, 0x66, 0x66, 0x66, 0x66,
        0x66, 0x66, 0x66, 0x66, 0x66, 0x66, 0x66, 0x66, 0x66, 0x66, 0x66, 0x66, 0x66, 0x66, 0x66, 0x66, 0xbf, 0xff, 0xff, 0xff,
        0xff, 0xff, 0xff, 0xff, 0x86, 0x66, 0x66, 0x66, 0x66, 0x66, 0x66, 0x66, 0x66, 0x66, 0x66, 0x66, 0x66, 0x66, 0x66, 0x66,
        0x66, 0x66, 0x66, 0x66, 0x66, 0x66, 0x66, 0x66, 0x66, 0x66, 0x66, 0x66, 0x66, 0x66, 0x66, 0x67, 0xef, 0xff, 0xff, 0xff,
        0xff, 0xff, 0xff, 0xff, 0xd6, 0x66, 0x66, 0x66, 0x66, 0x66, 0x66, 0x66, 0x66, 0x66, 0x66, 0x66, 0x66, 0x66, 0x66, 0x66,
        0x66, 0x66, 0x66, 0x66, 0x66, 0x66, 0x66, 0x66, 0x66, 0x66, 0x66, 0x66, 0x66, 0x66, 0x66, 0x6b, 0xff, 0xff, 0xff, 0xff,
        0xff, 0xff, 0xff, 0xff, 0xfc, 0x76, 0x66, 0x66, 0x66, 0x66, 0x66, 0x66, 0x66, 0x66, 0x66, 0x66, 0x66, 0x66, 0x66, 0x66,
        0x66, 0x66, 0x66, 0x66, 0x66, 0x66, 0x66, 0x66, 0x66, 0x66, 0x66, 0x66, 0x66, 0x66, 0x66, 0xaf, 0xff, 0xff, 0xff, 0xff,
        0xff, 0xff, 0xff, 0xff, 0xff, 0xd9, 0x76, 0x66, 0x66, 0x66, 0x66, 0x66, 0x66, 0x66, 0x66, 0x66, 0x66, 0x66, 0x66, 0x66,
        0x66, 0x66, 0x66, 0x66, 0x66, 0x66, 0x66, 0x66, 0x66, 0x66, 0x66, 0x66, 0x66, 0x67, 0x8c, 0xff, 0xff, 0xff, 0xff, 0xff,
        0xff, 0xff, 0xff, 0xff, 0xff, 0xff, 0xed, 0xdd, 0xdd, 0xdd, 0xdd, 0xdd, 0xdd, 0xdd, 0xdd, 0xdd, 0xdd, 0xdd, 0xdd, 0xdd,
        0xdd, 0xdd, 0xdd, 0xdd, 0xdd, 0xdd, 0xdd, 0xdd, 0xdd, 0xdd, 0xdd, 0xdd, 0xdd, 0xde, 0xff, 0xff, 0xff, 0xff, 0xff, 0xff,
        0xff, 0xff, 0xff, 0xff, 0xff, 0xff, 0xff, 0xff, 0xff, 0xff, 0xff, 0xff, 0xff, 0xff, 0xff, 0xff, 0xff, 0xff, 0xff, 0xff,
        0xff, 0xff, 0xff, 0xff, 0xff, 0xff, 0xff, 0xff, 0xff, 0xff, 0xff, 0xff, 0xff, 0xff, 0xff, 0xff, 0xff, 0xff, 0xff, 0xff,
        0xff, 0xff, 0xff, 0xff, 0xff, 0xff, 0xff, 0xff, 0xff, 0xff, 0xff, 0xff, 0xff, 0xff, 0xff, 0xff, 0xff, 0xff, 0xff, 0xff,
        0xff, 0xff, 0xff, 0xff, 0xff, 0xff, 0xff, 0xff, 0xff, 0xff, 0xff, 0xff, 0xff, 0xff, 0xff, 0xff, 0xff, 0xff, 0xff, 0xff,
        0xff, 0xff, 0xff, 0xff, 0xff, 0xff, 0xff, 0xff, 0xff, 0xff, 0xff, 0xff, 0xff, 0xff, 0xff, 0xff, 0xff, 0xff, 0xff, 0xff,
        0xff, 0xff, 0xff, 0xff, 0xff, 0xff, 0xff, 0xff, 0xff, 0xff, 0xff, 0xff, 0xff, 0xff, 0xff, 0xff, 0xff, 0xff, 0xff, 0xff,
        0xff, 0xff, 0xff, 0xff, 0xff, 0xff, 0xff, 0xff, 0xff, 0xff, 0xff, 0xff, 0xff, 0xff, 0xff, 0xff, 0xff, 0xff, 0xff, 0xff,
        0xff, 0xff, 0xff, 0xff, 0xff, 0xff, 0xff, 0xff, 0xff, 0xff, 0xff, 0xff, 0xff, 0xff, 0xff, 0xff, 0xff, 0xff, 0xff, 0xff,
        0xff, 0xff, 0xff, 0xff, 0xff, 0xff, 0xff, 0xff, 0xff, 0xff, 0xff, 0xff, 0xff, 0xff, 0xff, 0xff, 0xff, 0xff, 0xff, 0xff,
        0xff, 0xff, 0xff, 0xff, 0xff, 0xff, 0xff, 0xff, 0xff, 0xff, 0xff, 0xff, 0xff, 0xff, 0xff, 0xff, 0xff, 0xff, 0xff, 0xff,
        0xff, 0xff, 0xff, 0xff, 0xff, 0xff, 0xff, 0xff, 0xff, 0xff, 0xff, 0xff, 0xff, 0xff, 0xff, 0xff, 0xff, 0xff, 0xff, 0xff,
        0xff, 0xff, 0xff, 0xff, 0xff, 0xff, 0xff, 0xff, 0xff, 0xff, 0xff, 0xff, 0xff, 0xff, 0xff, 0xff, 0xff, 0xff, 0xff, 0xff,
        0xff, 0xff, 0xff, 0xff, 0xff, 0xff, 0xff, 0xff, 0xff, 0xff, 0xff, 0xff, 0xff, 0xff, 0xff, 0xff, 0xff, 0xff, 0xff, 0xff,
        0xff, 0xff, 0xff, 0xff, 0xff, 0xff, 0xff, 0xff, 0xff, 0xff, 0xff, 0xff, 0xff, 0xff, 0xff, 0xff, 0xff, 0xff, 0xff, 0xff,
        0xff, 0xff, 0xff, 0xff, 0xff, 0xff, 0xff, 0xff, 0xff, 0xff, 0xff, 0xff, 0xff, 0xff, 0xff, 0xff, 0xff, 0xff, 0xff, 0xff,
        0xff, 0xff, 0xff, 0xff, 0xff, 0xff, 0xff, 0xff, 0xff, 0xff, 0xff, 0xff, 0xff, 0xff, 0xff, 0xff, 0xff, 0xff, 0xff, 0xff,
        0xff, 0xff, 0xff, 0xff, 0xff, 0xff, 0xff, 0xff, 0xff, 0xff, 0xff, 0xff, 0xff, 0xff, 0xff, 0xff, 0xff, 0xff, 0xff, 0xff,
        0xff, 0xff, 0xff, 0xff, 0xff, 0xff, 0xff, 0xff, 0xff, 0xff, 0xff, 0xff, 0xff, 0xff, 0xff, 0xff, 0xff, 0xff, 0xff, 0xff,
    },
    {
        0xff, 0xff, 0xff, 0xff, 0xff, 0xff, 0xff, 0xff, 0xff, 0xff, 0xff, 0xff, 0xff, 0xff, 0xff, 0xff, 0xff, 0xff, 0xff, 0xff,
        0xff, 0xff, 0xff, 0xff, 0xff, 0xff, 0xff, 0xff, 0xff, 0xff, 0xff, 0xff, 0xff, 0xff, 0xff, 0xff, 0xff, 0xff, 0xff, 0xff,
        0xff, 0xff, 0xff, 0xff, 0xff, 0xff, 0xff, 0xff, 0xff, 0xff, 0xff, 0xff, 0xff, 0xff, 0xff, 0xff, 0xff, 0xff, 0xff, 0xff,
        0xff, 0xff, 0xff, 0xff, 0xff, 0xff, 0xff, 0xff, 0xff, 0xff, 0xff, 0xff, 0xff, 0xff, 0xff, 0xff, 0xff, 0xff, 0xff, 0xff,
        0xff, 0xff, 0xff, 0xff, 0xff, 0xff, 0xff, 0xff, 0xff, 0xff, 0xff, 0xff, 0xff, 0xff, 0xff, 0xff, 0xff, 0xff, 0xff, 0xff,
        0xff, 0xff, 0xff, 0xff, 0xff, 0xff, 0xff, 0xff, 0xff, 0xff, 0xff, 0xff, 0xff, 0xff, 0xff, 0xff, 0xff, 0xff, 0xff, 0xff,
        0xff, 0xff, 0xff, 0xff, 0xff, 0xff, 0xff, 0xff, 0xff, 0xff, 0xff, 0xff, 0xff, 0xff, 0xff, 0xff, 0xff, 0xff, 0xff, 0xff,
        0xff, 0xff, 0xff, 0xff, 0xff, 0xff, 0xff, 0xff, 0xff, 0xff, 0xff, 0xff, 0xff, 0xff, 0xff, 0xff, 0xff, 0xff, 0xff, 0xff,
        0xff, 0xff, 0xff, 0xff, 0xff, 0xff, 0xff, 0xff, 0xff, 0xff, 0xff, 0xff, 0xff, 0xff, 0xff, 0xff, 0xff, 0xff, 0xff, 0xff,
        0xff, 0xff, 0xff, 0xff, 0xff, 0xff, 0xff, 0xff, 0xff, 0xff, 0xff, 0xff, 0xff, 0xff, 0xff, 0xff, 0xff, 0xff, 0xff, 0xff,
        0xff, 0xff, 0xff, 0xff, 0xff, 0xff, 0xff, 0xff, 0xff, 0xff, 0xff, 0xff, 0xff, 0xff, 0xff, 0xff, 0xff, 0xff, 0xff, 0xff,
        0xff, 0xff, 0xff, 0xff, 0xff, 0xff, 0xff, 0xff, 0xff, 0xff, 0xff, 0xff, 0xff, 0xff, 0xff, 0xff, 0xff, 0xff, 0xff, 0xff,
        0xff, 0xff, 0xff, 0xff, 0xff, 0xff, 0xff, 0xff, 0xff, 0xff, 0xff, 0xff, 0xff, 0xff, 0xff, 0xff, 0xff, 0xff, 0xff, 0xff,
        0xff, 0xff, 0xff, 0xff, 0xff, 0xff, 0xff, 0xff, 0xff, 0xff, 0xff, 0xff, 0xff, 0xff, 0xff, 0xff, 0xff, 0xff, 0xff, 0xff,
        0xff, 0xff, 0xff, 0xff, 0xff, 0xff, 0xff, 0xff, 0xff, 0xff, 0xff, 0xff, 0xff, 0xff, 0xff, 0xff, 0xff, 0xff, 0xff, 0xff,
        0xff, 0xff, 0xff, 0xff, 0xff, 0xff, 0xff, 0xff, 0xff, 0xff, 0xff, 0xff, 0xff, 0xff, 0xff, 0xff, 0xff, 0xff, 0xff, 0xff,
        0xff, 0xff, 0xff, 0xff, 0xff, 0xff, 0xff, 0xff, 0xff, 0xff, 0xff, 0xff, 0xff, 0xff, 0xff, 0xff, 0xff, 0xff, 0xff, 0xff,
        0xff, 0xff, 0xff, 0xff, 0xff, 0xff, 0xff, 0xff, 0xff, 0xff, 0xff, 0xff, 0xff, 0xff, 0xff, 0xff, 0xff, 0xff, 0xff, 0xff,
        0xff, 0xff, 0xff, 0xff, 0xff, 0xff, 0xff, 0xff, 0xff, 0xff, 0xff, 0xff, 0xff, 0xff, 0xff, 0xff, 0xff, 0xff, 0xff, 0xff,
        0xff, 0xff, 0xff, 0xff, 0xff, 0xff, 0xff, 0xff, 0xff, 0xff, 0xff, 0xff, 0xff, 0xff, 0xff, 0xff, 0xff, 0xff, 0xff, 0xff,
        0xff, 0xff, 0xff, 0xff, 0xff, 0xff, 0xff, 0xff, 0xff, 0xff, 0xff, 0xff, 0xff, 0xff, 0xff, 0xff, 0xff, 0xff, 0xff, 0xff,
        0xff, 0xff, 0xff, 0xff, 0xff, 0xff, 0xff, 0xff, 0xff, 0xff, 0xff, 0xff, 0xff, 0xff, 0xff, 0xff, 0xff, 0xff, 0xff, 0xff,
        0xff, 0xff, 0xff, 0xff, 0xff, 0xff, 0xff, 0xff, 0xff, 0xff, 0xff, 0xff, 0xff, 0xff, 0xff, 0xff, 0xff, 0xff, 0xff, 0xff,
        0xff, 0xff, 0xff, 0xff, 0xff, 0xff, 0xff, 0xff, 0xff, 0xff, 0xff, 0xff, 0xff, 0xff, 0xff, 0xff, 0xff, 0xff, 0xff, 0xff,
        0xff, 0xff, 0xff, 0xff, 0xff, 0xff, 0xff, 0xff, 0xff, 0xff, 0xff, 0xff, 0xff, 0xff, 0xff, 0xff, 0xdb, 0xbb, 0xbb, 0xbb,
        0xbb, 0xbb, 0xbb, 0xbc, 0xff, 0xff, 0xff, 0xff, 0xff, 0xff, 0xff, 0xff, 0xff, 0xff, 0xff, 0xff, 0xff, 0xff, 0xff, 0xff,
        0xff, 0xff, 0xff, 0xff, 0xff, 0xff, 0xff, 0xff, 0xff, 0xff, 0xff, 0xff, 0xff, 0xff, 0xff, 0xfa, 0x66, 0x66, 0x66, 0x66,
        0x66, 0x66, 0x66, 0x66, 0x9f, 0xff, 0xff, 0xff, 0xff, 0xff, 0xff, 0xff, 0xff, 0xff, 0xff, 0xff, 0xff, 0xff, 0xff, 0xff,
        0xff, 0xff, 0xff, 0xff, 0xff, 0xff, 0xff, 0xff, 0xff, 0xff, 0xff, 0xff, 0xff, 0xff, 0xff, 0xb6, 0x66, 0x66, 0x66, 0x66,
        0x66, 0x66, 0x66, 0x66, 0x69, 0xff, 0xff, 0xff, 0xff, 0xff, 0xff, 0xff, 0xff, 0xff, 0xff, 0xff, 0xff, 0xff, 0xff, 0xff,
        0xff, 0xff, 0xff, 0xff, 0xff, 0xff, 0xff, 0xff, 0xff, 0xff, 0xff, 0xff, 0xff, 0xff, 0xff, 0x76, 0x66, 0x66, 0x66, 0x66,
        0x66, 0x66, 0x66, 0x66, 0x66, 0xef, 0xff, 0xff, 0xff, 0xff, 0xff, 0xff, 0xff, 0xff, 0xff, 0xff, 0xff, 0xff, 0xff, 0xff,
        0xff, 0xff, 0xff, 0xff, 0xff, 0xff, 0xff, 0xff, 0xff, 0xff, 0xff, 0xff, 0xff, 0xff, 0xfe, 0x76, 0x66, 0x66, 0x66, 0x66,
        0x66, 0x66, 0x66, 0x66, 0x66, 0xdf, 0xff, 0xff, 0xff, 0xff, 0xff, 0xff, 0xff, 0xff, 0xff, 0xff, 0xff, 0xff, 0xff, 0xff,
        0xff, 0xff, 0xff, 0xff, 0xff, 0xff, 0xff, 0xff, 0xff, 0xff, 0xff, 0xff, 0xff, 0xff, 0xfe, 0x76, 0x66, 0x66, 0x66, 0x66,
        0x66, 0x66, 0x66, 0x66, 0x66, 0xdf, 0xff, 0xff, 0xff, 0xff, 0xff, 0xff, 0xfe, 0xdd, 0xff, 0xff, 0xff, 0xff, 0xff, 0xff,
        0xff, 0xff, 0xff, 0xff, 0xff, 0xff, 0xff, 0xff, 0xff, 0xff, 0xff, 0xff, 0xff, 0xff, 0xfe, 0x76, 0x66, 0x66, 0x66, 0x66,
        0x66, 0x66, 0x66, 0x66, 0x66, 0xdf, 0xff, 0xff, 0xff, 0xff, 0xed, 0xca, 0x87, 0x67, 0xff, 0xff, 0xff, 0xff, 0xff, 0xff,
        0xff, 0xff, 0xff, 0xff, 0xff, 0xfe, 0xee, 0xee, 0xee, 0xee, 0xee, 0xee, 0xff, 0xff, 0xfe, 0x76, 0x66, 0x66, 0x66, 0x66,
        0x66, 0x66, 0x66, 0x66, 0x66, 0xdf, 0xff, 0xfe, 0xdc, 0xa8, 0x76, 0x66, 0x66, 0x67, 0xef, 0xff, 0xff, 0xff, 0xff, 0xff,
        0xff, 0xff, 0xff, 0xff, 0xfb, 0x77, 0x77, 0x77, 0x77, 0x77, 0x77, 0x77, 0x7a, 0xff, 0xfe, 0x76, 0x66, 0x66, 0x66, 0x66,
        0x66, 0x66, 0x66, 0x66, 0x66, 0xdf, 0xff, 0xf8, 0x66, 0x66, 0x66, 0x66, 0x66, 0x66, 0xcf, 0xff, 0xff, 0xff, 0xff, 0xff,
        0xff, 0xff, 0xff, 0xff, 0xa6, 0x66, 0x66, 0x66, 0x66, 0x66, 0x66, 0x66, 0x66, 0x8f, 0xfe, 0x76, 0x66, 0x66, 0x66, 0x66,
        0x66, 0x66, 0x66, 0x66, 0x66, 0xdf, 0xff, 0xf9, 0x67, 0x66, 0x66, 0x66, 0x66, 0x66, 0xaf, 0xff, 0xff, 0xff, 0xff, 0xff,
        0xff, 0xff, 0xff, 0xfd, 0x66, 0x66, 0x66, 0x66, 0x66, 0x66, 0x66, 0x66, 0x67, 0x6b, 0xfe, 0x76, 0x66, 0x66, 0x66, 0x66,
        0x66, 0x66, 0x66, 0x66, 0x66, 0xdf, 0xff, 0xfb, 0x66, 0x66, 0x66, 0x66, 0x66, 0x66, 0x9f, 0xff, 0xff, 0xff, 0xff, 0xff,
        0xff, 0xff, 0xff, 0xfb, 0x66, 0x66, 0x66, 0x66, 0x66, 0x66, 0x66, 0x66, 0x66, 0x69, 0xfe, 0x76, 0x66, 0x66, 0x66, 0x66,
        0x66, 0x66, 0x66, 0x66, 0x66, 0xdf, 0xff, 0xfd, 0x66, 0x66, 0x66, 0x66, 0x66, 0x66, 0x7f, 0xff, 0xff, 0xff, 0xff, 0xff,
        0xff, 0xff, 0xff, 0xfb, 0x66, 0x66, 0x66, 0x66, 0x66, 0x66, 0x66, 0x66, 0x66, 0x69, 0xfe, 0x76, 0x66, 0x66, 0x67, 0x77,
        0x77, 0x76, 0x66, 0x66, 0x66, 0xdf, 0xff, 0xfe, 0x76, 0x66, 0x66, 0x66, 0x66, 0x66, 0x6d, 0xff, 0xff, 0xff, 0xff, 0xff,
        0xff, 0xff, 0xff, 0xfb, 0x66, 0x66, 0x66, 0x66, 0x66, 0x66, 0x66, 0x66, 0x66, 0x69, 0xfe, 0x76, 0x66, 0x67, 0xce, 0xee,
        0xee, 0xed, 0x86, 0x66, 0x66, 0xdf, 0xff, 0xff, 0x86, 0x66, 0x66, 0x66, 0x66, 0x66, 0x6c, 0xff, 0xff, 0xff, 0xff, 0xff,
        0xff, 0xff, 0xff, 0xfb, 0x66, 0x66, 0x66, 0x66, 0x66, 0x66, 0x66, 0x66, 0x66, 0x69, 0xfe, 0x76, 0x66, 0x6c, 0xff, 0xff,
        0xff, 0xff, 0xe7, 0x66, 0x66, 0xdf, 0xff, 0xff, 0x96, 0x66, 0x66, 0x66, 0x66, 0x66, 0x6a, 0xff, 0xff, 0xff, 0xff, 0xff,
        0xff, 0xff, 0xff, 0xfb, 0x66, 0x66, 0x66, 0x66, 0x66, 0x66, 0x66, 0x66, 0x66, 0x69, 0xfe, 0x76, 0x66, 0x7f, 0xff, 0xff,
        0xff, 0xff, 0xf8, 0x66, 0x66, 0xdf, 0xff, 0xff, 0xb6, 0x66, 0x66, 0x66, 0x66, 0x66, 0x68, 0xff, 0xff, 0xff, 0xff, 0xff,
        0xff, 0xff, 0xff, 0xfb, 0x66, 0x66, 0x66, 0x66, 0x66, 0x66, 0x66, 0x66, 0x66, 0x69, 0xfe, 0x76, 0x66, 0x6d, 0xff, 0xff,
        0xff, 0xff, 0xf7, 0x66, 0x66, 0xdf, 0xff, 0xff, 0xd6, 0x66, 0x66, 0x66, 0x66, 0x66, 0x67, 0xef, 0xff, 0xff, 0xff, 0xff,
        0xff, 0xff, 0xff, 0xfb, 0x66, 0x66, 0x66, 0x66, 0x66, 0x66, 0x66, 0x66, 0x66, 0x69, 0xfe, 0x76, 0x66, 0x68, 0xef, 0xff,
        0xff, 0xfe, 0x96, 0x66, 0x66, 0xdf, 0xff, 0xff, 0xe7, 0x66, 0x66, 0x66, 0x77, 0x77, 0x77, 0xdf, 0xff, 0xff, 0xff, 0xff,
        0xff, 0xff, 0xff, 0xfb, 0x66, 0x66, 0x66, 0x66, 0x66, 0x66, 0x66, 0x66, 0x66, 0x69, 0xfe, 0x76, 0x66, 0x66, 0x78, 0x88,
        0x88, 0x87, 0x66, 0x66, 0x66, 0xdf, 0xff, 0xff, 0xf8, 0x66, 0x66, 0x6a, 0xee, 0xee, 0xee, 0xff, 0xff, 0xff, 0xff, 0xff,
        0xff, 0xff, 0xff, 0xfb, 0x66, 0x66, 0x66, 0x66, 0x66, 0x66, 0x66, 0x66, 0x66, 0x69, 0xfe, 0x76, 0x66, 0x66, 0x66, 0x66,
        0x66, 0x66, 0x66, 0x66, 0x66, 0xdf, 0xff, 0xff, 0xfa, 0x66, 0x66, 0x8f, 0xff, 0xff, 0xff, 0xff, 0xff, 0xff, 0xff, 0xff,
        0xff, 0xff, 0xff, 0xfb, 0x66, 0x66, 0x67, 0xab, 0xbb, 0xbb, 0xa7, 0x66, 0x66, 0x69, 0xfe, 0x76, 0x66, 0x66, 0x66, 0x66,
        0x66, 0x66, 0x66, 0x66, 0x66, 0xdf, 0xff, 0xff, 0xfc, 0x66, 0x66, 0xbf, 0xff, 0xff, 0xff, 0xff, 0xff, 0xff, 0xff, 0xff,
        0xff, 0xff, 0xff, 0xfb, 0x66, 0x66, 0x7d, 0xff, 0xff, 0xff, 0xfe, 0x86, 0x66, 0x69, 0xfe, 0x76, 0x66, 0x66, 0x66, 0x66,
        0x66, 0x66, 0x66, 0x66, 0x66, 0xdf, 0xff, 0xff, 0xfd, 0x66, 0x66, 0x9f, 0xff, 0xff, 0xff, 0xff, 0xff, 0xff, 0xff, 0xff,
        0xff, 0xff, 0xff, 0xfb, 0x66, 0x66, 0xaf, 0xff, 0xff, 0xff, 0xff, 0xc6, 0x66, 0x69, 0xfe, 0x76, 0x66, 0x66, 0x66, 0x66,
        0x66, 0x66, 0x66, 0x66, 0x66, 0xdf, 0xff, 0xff, 0xff, 0x76, 0x66, 0x6b, 0xff, 0xff, 0xff, 0xff, 0xff, 0xff, 0xff, 0xff,
        0xff, 0xff, 0xff, 0xfb, 0x66, 0x66, 0xbf, 0xff, 0xff, 0xff, 0xff, 0xc6, 0x66, 0x69, 0xfe, 0x76, 0x66, 0x66, 0x66, 0x66,
        0x66, 0x66, 0x66, 0x66, 0x66, 0xdf, 0xff, 0xff, 0xff, 0x86, 0x66, 0x66, 0x88, 0x88, 0x88, 0x8b, 0xff, 0xff, 0xff, 0xff,
        0xff, 0xff, 0xff, 0xfb, 0x66, 0x66, 0x7e, 0xff, 0xff, 0xff, 0xff, 0x96, 0x66, 0x69, 0xfe, 0x76, 0x66, 0x66, 0x66, 0x66,
        0x66, 0x66, 0x66, 0x66, 0x66, 0xdf, 0xff, 0xff, 0xff, 0xa6, 0x66, 0x66, 0x66, 0x66, 0x66, 0x69, 0xff, 0xff, 0xff, 0xff,
        0xff, 0xff, 0xff, 0xfb, 0x66, 0x66, 0x68, 0xcc, 0xcc, 0xcc, 0xc9, 0x66, 0x66, 0x69, 0xfe, 0x76, 0x66, 0x66, 0x66, 0x66,
        0x66, 0x66, 0x66, 0x66, 0x66, 0xdf, 0xff, 0xff, 0xff, 0xc6, 0x66, 0x66, 0x66, 0x66, 0x66, 0x68, 0xff, 0xff, 0xff, 0xff,
        0xff, 0xff, 0xff, 0xfb, 0x66, 0x66, 0x66, 0x66, 0x66, 0x66, 0x66, 0x66, 0x66, 0x69, 0xfe, 0x76, 0x66, 0x66, 0x66, 0x66,
        0x66, 0x66, 0x66, 0x66, 0x66, 0xdf, 0xff, 0xff, 0xff, 0xe6, 0x66, 0x66, 0x66, 0x66, 0x66, 0x66, 0xef, 0xff, 0xff, 0xff,
        0xff, 0xff, 0xff, 0xfb, 0x66, 0x66, 0x66, 0x66, 0x66, 0x66, 0x66, 0x66, 0x66, 0x69, 0xfe, 0x76, 0x66, 0x66, 0x66, 0x66,
        0x66, 0x66, 0x66, 0x66, 0x66, 0xdf, 0xff, 0xff, 0xff, 0xf7, 0x66, 0x66, 0x66, 0x66, 0x66, 0x66, 0xcf, 0xff, 0xff, 0xff,
        0xff, 0xff, 0xff, 0xfb, 0x66, 0x66, 0x66, 0x66, 0x66, 0x66, 0x66, 0x66, 0x66, 0x69, 0xfe, 0x76, 0x66, 0x66, 0x66, 0x66,
        0x66, 0x66, 0x66, 0x66, 0x66, 0xdf, 0xff, 0xff, 0xff, 0xf9, 0x66, 0x66, 0x66, 0x66, 0x66, 0x66, 0xaf, 0xff, 0xff, 0xff,
        0xff, 0xff, 0xff, 0xfb, 0x66, 0x66, 0x66, 0x66, 0x66, 0x66, 0x66, 0x66, 0x66, 0x69, 0xfe, 0x76, 0x66, 0x66, 0x66, 0x66,
        0x66, 0x66, 0x66, 0x66, 0x66, 0xdf, 0xff, 0xff, 0xff, 0xfb, 0x66, 0x66, 0x66, 0x66, 0x66, 0x66, 0x9f, 0xff, 0xff, 0xff,
        0xff, 0xff, 0xff, 0xfb, 0x66, 0x66, 0x66, 0x66, 0x66, 0x66, 0x66, 0x66, 0x66, 0x69, 0xfe, 0x76, 0x66, 0x66, 0x66, 0x66,
        0x66, 0x66, 0x66, 0x66, 0x66, 0xdf, 0xff, 0xff, 0xff, 0xfd, 0x66, 0x66, 0x66, 0x66, 0x66, 0x66, 0x7f, 0xff, 0xff, 0xff,
        0xff, 0xff, 0xff, 0xfb, 0x66, 0x66, 0x66, 0x66, 0x66, 0x66, 0x66, 0x66, 0x66, 0x69, 0xfe, 0x76, 0x66, 0x66, 0x66, 0x66,
        0x66, 0x66, 0x66, 0x66, 0x66, 0xdf, 0xff, 0xff, 0xff, 0xfe, 0x76, 0x66, 0x66, 0x66, 0x66, 0x66, 0x6d, 0xff, 0xff, 0xff,
        0xff, 0xff, 0xff, 0xfb, 0x66, 0x66, 0x66, 0x66, 0x66, 0x66, 0x66, 0x66, 0x66, 0x69, 0xfe, 0x76, 0x66, 0x66, 0x66, 0x66,
        0x66, 0x66, 0x66, 0x66, 0x66, 0xdf, 0xff, 0xff, 0xff, 0xff, 0x86, 0x66, 0x66, 0x66, 0x66, 0x66, 0x6c, 0xff, 0xff, 0xff,
        0xff, 0xff, 0xff, 0xfb, 0x66, 0x66, 0x66, 0x66, 0x66, 0x66, 0x66, 0x66, 0x66, 0x69, 0xfe, 0x76, 0x66, 0x66, 0x66, 0x66,
        0x66, 0x66, 0x66, 0x66, 0x66, 0xdf, 0xff, 0xff, 0xff, 0xff, 0x96, 0x66, 0x66, 0x66, 0x66, 0x66, 0x6a, 0xff, 0xff, 0xff,
        0xff, 0xff, 0xff, 0xfb, 0x66, 0x66, 0x66, 0x66, 0x66, 0x66, 0x66, 0x66, 0x66, 0x69, 0xfe, 0x76, 0x66, 0x66, 0x66, 0x66,
        0x66, 0x66, 0x66, 0x66, 0x66, 0xdf, 0xff, 0xff, 0xff, 0xff, 0xb6, 0x66, 0x66, 0x66, 0x66, 0x66, 0x68, 0xff, 0xff, 0xff,
        0xff, 0xff, 0xff, 0xfb, 0x66, 0x66, 0x66, 0x66, 0x66, 0x66, 0x66, 0x66, 0x66, 0x69, 0xfe, 0x76, 0x66, 0x66, 0x66, 0x66,
        0x66, 0x66, 0x66, 0x66, 0x66, 0xdf, 0xff, 0xff, 0xff, 0xff, 0xd6, 0x66, 0x66, 0x66, 0x66, 0x66, 0x67, 0xef, 0xff, 0xff,
        0xff, 0xff, 0xff, 0xfb, 0x66, 0x66, 0x66, 0x66, 0x66, 0x66, 0x66, 0x66, 0x66, 0x69, 0xfe, 0x76, 0x66, 0x66, 0x66, 0x66,
        0x66, 0x66, 0x66, 0x66, 0x66, 0xdf, 0xff, 0xff, 0xff, 0xff, 0xe7, 0x66, 0x66, 0x66, 0x66, 0x66, 0x66, 0xdf, 0xff, 0xff,
        0xff, 0xff, 0xff, 0xfb, 0x66, 0x66, 0x66, 0x66, 0x66, 0x66, 0x66, 0x66, 0x66, 0x69, 0xfe, 0x76, 0x66, 0x66, 0x66, 0x66,
        0x66, 0x66, 0x66, 0x66, 0x66, 0xdf, 0xff, 0xff, 0xff, 0xff, 0xf8, 0x66, 0x66, 0x66, 0x66, 0x66, 0x66, 0xbf, 0xff, 0xff,
        0xff, 0xff, 0xff, 0xfb, 0x66, 0x66, 0x66, 0x66, 0x66, 0x66, 0x66, 0x66, 0x66, 0x69, 0xfe, 0x76, 0x66, 0x66, 0x66, 0x66,
        0x66, 0x66, 0x66, 0x66, 0x66, 0xdf, 0xff, 0xff, 0xff, 0xff, 0xfa, 0x66, 0x66, 0x66, 0x66, 0x66, 0x66, 0xaf, 0xff, 0xff,
        0xff, 0xff, 0xff, 0xfb, 0x66, 0x66, 0x66, 0x66, 0x66, 0x66, 0x66, 0x66, 0x66, 0x69, 0xfe, 0x76, 0x66, 0x66, 0x66, 0x66,
        0x66, 0x66, 0x66, 0x66, 0x66, 0xdf, 0xff, 0xff, 0xff, 0xff, 0xfc, 0x66, 0x66, 0x66, 0x66, 0x66, 0x66, 0x8f, 0xff, 0xff,
        0xff, 0xff, 0xff, 0xfb, 0x66, 0x66, 0x66, 0x66, 0x66, 0x66, 0x66, 0x66, 0x66, 0x69, 0xfe, 0x76, 0x66, 0x66, 0x66, 0x66,
        0x66, 0x66, 0x66, 0x66, 0x66, 0xdf, 0xff, 0xff, 0xff, 0xff, 0xfd, 0x66, 0x66, 0x66, 0x66, 0x66, 0x66, 0x7e, 0xff, 0xff,
        0xff, 0xff, 0xff, 0xfb, 0x66, 0x66, 0x66, 0x66, 0x66, 0x66, 0x66, 0x66, 0x66, 0x69, 0xfe, 0x76, 0x66, 0x66, 0x66, 0x66,
        0x66, 0x66, 0x66, 0x66, 0x66, 0xdf, 0xff, 0xff, 0xff, 0xff, 0xff, 0x76, 0x66, 0x66, 0x66, 0x66, 0x66, 0x6d, 0xff, 0xff,
        0xff, 0xff, 0xff, 0xfb, 0x66, 0x66, 0x66, 0x66, 0x66, 0x66, 0x66, 0x66, 0x66, 0x69, 0xfe, 0x76, 0x66, 0x66, 0x66, 0x66,
        0x66, 0x66, 0x66, 0x66, 0x66, 0xdf, 0xff, 0xff, 0xff, 0xff, 0xff, 0x96, 0x66, 0x66, 0x66, 0x66, 0x66, 0x6b, 0xff, 0xff,
        0xff, 0xff, 0xff, 0xfb, 0x66, 0x66, 0x66, 0x66, 0x66, 0x66, 0x66, 0x66, 0x66, 0x69, 0xfe, 0x76, 0x66, 0x66, 0x66, 0x66,
        0x66, 0x66, 0x66, 0x66, 0x66, 0xdf, 0xff, 0xff, 0xff, 0xff, 0xff, 0xa6, 0x66, 0x66, 0x66, 0x66, 0x66, 0x69, 0xff, 0xff,
        0xff, 0xff, 0xff, 0xfb, 0x66, 0x66, 0x66, 0x66, 0x66, 0x66, 0x66, 0x66, 0x66, 0x69, 0xfe, 0x76, 0x66, 0x66, 0x66, 0x66,
        0x66, 0x66, 0x66, 0x66, 0x66, 0xdf, 0xff, 0xff, 0xff, 0xff, 0xff, 0xc6, 0x66, 0x66, 0x66, 0x66, 0x66, 0x67, 0xff, 0xff,
        0xff, 0xff, 0xff, 0xfb, 0x66, 0x66, 0x66, 0x66, 0x66, 0x66, 0x66, 0x66, 0x66, 0x69, 0xfe, 0x76, 0x66, 0x66, 0x66, 0x66,
        0x66, 0x66, 0x66, 0x66, 0x66, 0xdf, 0xff, 0xff, 0xff, 0xff, 0xff, 0xe6, 0x66, 0x66, 0x66, 0x66, 0x66, 0x66, 0xef, 0xff,
        0xff, 0xff, 0xff, 0xfb, 0x66, 0x66, 0x66, 0x66, 0x66, 0x66, 0x66, 0x66, 0x66, 0x69, 0xfe, 0x76, 0x66, 0x66, 0x66, 0x66,
        0x66, 0x66, 0x66, 0x66, 0x66, 0xdf, 0xff, 0xff, 0xff, 0xff, 0xff, 0xf7, 0x66, 0x66, 0x66, 0x66, 0x66, 0x66, 0xcf, 0xff,
        0xff, 0xff, 0xff, 0xfb, 0x66, 0x66, 0x66, 0x66, 0x66, 0x66, 0x66, 0x66, 0x66, 0x69, 0xfe, 0x76, 0x66, 0x66, 0x66, 0x66,
        0x66, 0x66, 0x66, 0x66, 0x66, 0xdf, 0xff, 0xff, 0xff, 0xff, 0xff, 0xf9, 0x66, 0x66, 0x66, 0x66, 0x66, 0x66, 0xaf, 0xff,
        0xff, 0xff, 0xff, 0xfb, 0x66, 0x66, 0x66, 0x66, 0x66, 0x66, 0x66, 0x66, 0x66, 0x69, 0xfe, 0x76, 0x66, 0x66, 0x66, 0x66,
        0x66, 0x66, 0x66, 0x66, 0x66, 0xdf, 0xff, 0xff, 0xff, 0xff, 0xff, 0xfb, 0x66, 0x66, 0x66, 0x66, 0x66, 0x66, 0x9f, 0xff,
        0xff, 0xff, 0xff, 0xfb, 0x66, 0x66, 0x66, 0x66, 0x66, 0x66, 0x66, 0x66, 0x66, 0x69, 0xfe, 0x76, 0x66, 0x66, 0x66, 0x66,
        0x66, 0x66, 0x66, 0x66, 0x66, 0xdf, 0xff, 0xff, 0xff, 0xff, 0xff, 0xfc, 0x66, 0x66, 0x66, 0x66, 0x66, 0x66, 0x7f, 0xff,
        0xff, 0xff, 0xff, 0xfb, 0x66, 0x66, 0x66, 0x66, 0x66, 0x66, 0x66, 0x66, 0x66, 0x69, 0xfe, 0x76, 0x66, 0x66, 0x66, 0x66,
        0x66, 0x66, 0x66, 0x66, 0x66, 0xdf, 0xff, 0xff, 0xff, 0xff, 0xff, 0xfe, 0x76, 0x66, 0x66, 0x66, 0x66, 0x66, 0x6e, 0xff,
        0xff, 0xff, 0xff, 0xfb, 0x66, 0x66, 0x66, 0x66, 0x66, 0x66, 0x66, 0x66, 0x66, 0x69, 0xfe, 0x76, 0x66, 0x66, 0x66, 0x66,
        0x66, 0x66, 0x66, 0x66, 0x66, 0xdf, 0xff, 0xff, 0xff, 0xff, 0xff, 0xff, 0x86, 0x66, 0x66, 0x66, 0x66, 0x67, 0x6c, 0xff,
        0xff, 0xff, 0xff, 0xfb, 0x66, 0x66, 0x66, 0x66, 0x66, 0x66, 0x66, 0x66, 0x66, 0x69, 0xfe, 0x76, 0x66, 0x66, 0x66, 0x66,
        0x66, 0x66, 0x66, 0x66, 0x66, 0xdf, 0xff, 0xff, 0xff, 0xff, 0xff, 0xff, 0x96, 0x66, 0x66, 0x66, 0x66, 0x66, 0x6a, 0xff,
        0xff, 0xff, 0xff, 0xfd, 0x66, 0x66, 0x66, 0x66, 0x66, 0x66, 0x66, 0x66, 0x66, 0x6c, 0xff, 0x96, 0x66, 0x66, 0x66, 0x66,
        0x66, 0x66, 0x66, 0x66, 0x68, 0xff, 0xff, 0xff, 0xff, 0xff, 0xff, 0xff, 0xb6, 0x66, 0x66, 0x66, 0x67, 0x8a, 0xce, 0xff,
        0xff, 0xff, 0xff, 0xff, 0xd7, 0x66, 0x66, 0x66, 0x66, 0x66, 0x66, 0x66, 0x67, 0xbf, 0xff, 0xf9, 0x66, 0x66, 0x66, 0x66,
        0x66, 0x66, 0x66, 0x66, 0x8e, 0xff, 0xff, 0xff, 0xff, 0xff, 0xff, 0xff, 0xe6, 0x67, 0x89, 0xbd, 0xef, 0xff, 0xff, 0xff,
        0xff, 0xff, 0xff, 0xdb, 0xb8, 0x66, 0x66, 0x66, 0x66, 0x66, 0x66, 0x66, 0x68, 0xbb, 0xbb, 0xba, 0x76, 0x66, 0x66, 0x66,
        0x66, 0x66, 0x66, 0x66, 0xab, 0xbb, 0xbb, 0xbb, 0xbb, 0xbb, 0xbb, 0xbb, 0xa6, 0x89, 0xab, 0xbb, 0xbb, 0xbb, 0xef, 0xff,
        0xff, 0xff, 0xfc, 0x66, 0x66, 0x66, 0x66, 0x66, 0x66, 0x66, 0x66, 0x66, 0x66, 0x66, 0x66, 0x66, 0x66, 0x66, 0x66, 0x66,
        0x66, 0x66, 0x66, 0x66, 0x66, 0x66, 0x66, 0x66, 0x66, 0x66, 0x66, 0x66, 0x66, 0x66, 0x66, 0x66, 0x66, 0x66, 0x7e, 0xff,
        0xff, 0xff, 0xf7, 0x66, 0x66, 0x66, 0x66, 0x66, 0x66, 0x66, 0x66, 0x66, 0x66, 0x66, 0x66, 0x66, 0x66, 0x66, 0x66, 0x66,
        0x66, 0x66, 0x66, 0x66, 0x66, 0x66, 0x66, 0x66, 0x66, 0x66, 0x66, 0x66, 0x66, 0x66, 0x66, 0x66, 0x66, 0x67, 0x69, 0xff,
        0xff, 0xff, 0xe7, 0x66, 0x66, 0x66, 0x66, 0x66, 0x66, 0x66, 0x66, 0x66, 0x66, 0x66, 0x66, 0x66, 0x66, 0x66, 0x66, 0x66,
        0x66, 0x66, 0x66, 0x66, 0x66, 0x66, 0x66, 0x66, 0x66, 0x66, 0x66, 0x66, 0x66, 0x66, 0x66, 0x66, 0x66, 0x66, 0x69, 0xff,
        0xff, 0xff, 0xe7, 0x66, 0x66, 0x66, 0x66, 0x66, 0x66, 0x66, 0x66, 0x66, 0x66, 0x66, 0x66, 0x66, 0x66, 0x66, 0x66, 0x66,
        0x66, 0x66, 0x66, 0x66, 0x66, 0x66, 0x66, 0x66, 0x66, 0x66, 0x66, 0x66, 0x66, 0x66, 0x66, 0x66, 0x66, 0x66, 0x69, 0xff,
        0xff, 0xff, 0xe7, 0x66, 0x66, 0x66, 0x66, 0x66, 0x66, 0x66, 0x66, 0x66, 0x66, 0x66, 0x66, 0x66, 0x66, 0x66, 0x66, 0x66,
        0x66, 0x66, 0x66, 0x66, 0x66, 0x66, 0x66, 0x66, 0x66, 0x66, 0x66, 0x66, 0x66, 0x66, 0x66, 0x66, 0x66, 0x66, 0x69, 0xff,
        0xff, 0xff, 0xf8, 0x66, 0x66, 0x66, 0x66, 0x66, 0x66, 0x66, 0x66, 0x66, 0x66, 0x66, 0x66, 0x66, 0x66, 0x66, 0x66, 0x66,
        0x66, 0x66, 0x66, 0x66, 0x66, 0x66, 0x66, 0x66, 0x66, 0x66, 0x66, 0x66, 0x66, 0x66, 0x66, 0x66, 0x66, 0x66, 0x6a, 0xff,
        0xff, 0xff, 0xfd, 0x86, 0x66, 0x66, 0x66, 0x66, 0x66, 0x66, 0x66, 0x66, 0x66, 0x66, 0x66, 0x66, 0x66, 0x66, 0x66, 0x66,
        0x66, 0x66, 0x66, 0x66, 0x66, 0x66, 0x66, 0x66, 0x66, 0x66, 0x66, 0x66, 0x66, 0x66, 0x66, 0x66, 0x66, 0x66, 0x9f, 0xff,
        0xff, 0xff, 0xff, 0xfd, 0xdd, 0xdd, 0xdd, 0xdd, 0xdd, 0xdd, 0xdd, 0xdd, 0xdd, 0xdd, 0xdd, 0xdd, 0xdd, 0xdd, 0xdd, 0xdd,
        0xdd, 0xdd, 0xdd, 0xdd, 0xdd, 0xdd, 0xdd, 0xdd, 0xdd, 0xdd, 0xdd, 0xdd, 0xdd, 0xdd, 0xdd, 0xdd, 0xdd, 0xdd, 0xff, 0xff,
        0xff, 0xff, 0xff, 0xff, 0xff, 0xff, 0xff, 0xff, 0xff, 0xff, 0xff, 0xff, 0xff, 0xff, 0xff, 0xff, 0xff, 0xff, 0xff, 0xff,
        0xff, 0xff, 0xff, 0xff, 0xff, 0xff, 0xff, 0xff, 0xff, 0xff, 0xff, 0xff, 0xff, 0xff, 0xff, 0xff, 0xff, 0xff, 0xff, 0xff,
        0xff, 0xff, 0xff, 0xff, 0xff, 0xff, 0xff, 0xff, 0xff, 0xff, 0xff, 0xff, 0xff, 0xff, 0xff, 0xff, 0xff, 0xff, 0xff, 0xff,
        0xff, 0xff, 0xff, 0xff, 0xff, 0xff, 0xff, 0xff, 0xff, 0xff, 0xff, 0xff, 0xff, 0xff, 0xff, 0xff, 0xff, 0xff, 0xff, 0xff,
        0xff, 0xff, 0xff, 0xff, 0xff, 0xff, 0xff, 0xff, 0xff, 0xff, 0xff, 0xff, 0xff, 0xff, 0xff, 0xff, 0xff, 0xff, 0xff, 0xff,
        0xff, 0xff, 0xff, 0xff, 0xff, 0xff, 0xff, 0xff, 0xff, 0xff, 0xff, 0xff, 0xff, 0xff, 0xff, 0xff, 0xff, 0xff, 0xff, 0xff,
        0xff, 0xff, 0xff, 0xff, 0xff, 0xff, 0xff, 0xff, 0xff, 0xff, 0xff, 0xff, 0xff, 0xff, 0xff, 0xff, 0xff, 0xff, 0xff, 0xff,
        0xff, 0xff, 0xff, 0xff, 0xff, 0xff, 0xff, 0xff, 0xff, 0xff, 0xff, 0xff, 0xff, 0xff, 0xff, 0xff, 0xff, 0xff, 0xff, 0xff,
    },
    {
        0xff, 0xff, 0xff, 0xff, 0xff, 0xff, 0xff, 0xff, 0xff, 0xff, 0xff, 0xff, 0xff, 0xff, 0xff, 0xff, 0xff, 0xff, 0xff, 0xff,
        0xff, 0xff, 0xff, 0xff, 0xff, 0xff, 0xff, 0xff, 0xff, 0xff, 0xff, 0xff, 0xff, 0xff, 0xff, 0xff, 0xff, 0xff, 0xff, 0xff,
        0xff, 0xff, 0xff, 0xff, 0xff, 0xff, 0xff, 0xff, 0xff, 0xff, 0xff, 0xff, 0xff, 0xff, 0xff, 0xff, 0xff, 0xff, 0xff, 0xff,
        0xff, 0xff, 0xff, 0xff, 0xff, 0xff, 0xff, 0xff, 0xff, 0xff, 0xff, 0xff, 0xff, 0xff, 0xff, 0xff, 0xff, 0xff, 0xff, 0xff,
        0xff, 0xff, 0xff, 0xff, 0xff, 0xff, 0xff, 0xff, 0xff, 0xff, 0xff, 0xff, 0xff, 0xff, 0xff, 0xff, 0xff, 0xff, 0xff, 0xff,
        0xff, 0xff, 0xff, 0xff, 0xff, 0xff, 0xff, 0xff, 0xff, 0xff, 0xff, 0xff, 0xff, 0xff, 0xff, 0xff, 0xff, 0xff, 0xff, 0xff,
        0xff, 0xff, 0xff, 0xff, 0xff, 0xff, 0xff, 0xff, 0xff, 0xff, 0xff, 0xff, 0xff, 0xff, 0xff, 0xff, 0xff, 0xff, 0xff, 0xff,
        0xff, 0xff, 0xff, 0xff, 0xff, 0xff, 0xff, 0xff, 0xff, 0xff, 0xff, 0xff, 0xff, 0xff, 0xff, 0xff, 0xff, 0xff, 0xff, 0xff,
        0xff, 0xff, 0xff, 0xff, 0xff, 0xff, 0xff, 0xff, 0xff, 0xff, 0xff, 0xff, 0xff, 0xff, 0xff, 0xff, 0xff, 0xff, 0xff, 0xff,
        0xff, 0xff, 0xff, 0xff, 0xff, 0xff, 0xff, 0xff, 0xff, 0xff, 0xff, 0xff, 0xff, 0xff, 0xff, 0xff, 0xff, 0xff, 0xff, 0xff,
        0xff, 0xff, 0xff, 0xff, 0xff, 0xff, 0xff, 0xff, 0xff, 0xff, 0xff, 0xff, 0xff, 0xff, 0xff, 0xff, 0xfe, 0xdd, 0xca, 0x98,
        0xaf, 0xff, 0xff, 0xff, 0xff, 0xff, 0xff, 0xff, 0xff, 0xff, 0xff, 0xff, 0xff, 0xff, 0xff, 0xff, 0xff, 0xff, 0xff, 0xff,
        0xff, 0xff, 0xff, 0xff, 0xff, 0xff, 0xff, 0xff, 0xff, 0xff, 0xff, 0xff, 0xff, 0xff, 0xff, 0xe9, 0x87, 0x66, 0x66, 0x66,
        0x6b, 0xff, 0xff, 0xff, 0xff, 0xff, 0xff, 0xff, 0xff, 0xff, 0xff, 0xff, 0xff, 0xff, 0xff, 0xff, 0xff, 0xff, 0xff, 0xff,
        0xff, 0xff, 0xff, 0xff, 0xff, 0xff, 0xff, 0xff, 0xff, 0xff, 0xff, 0xff, 0xff, 0xff, 0xff, 0xb6, 0x66, 0x66, 0x66, 0x66,
        0x66, 0xdf, 0xff, 0xff, 0xff, 0xff, 0xff, 0xff, 0xff, 0xff, 0xff, 0xff, 0xff, 0xff, 0xff, 0xff, 0xff, 0xff, 0xff, 0xff,
        0xff, 0xff, 0xff, 0xff, 0xff, 0xff, 0xff, 0xff, 0xff, 0xff, 0xff, 0xff, 0xff, 0xff, 0xfe, 0x76, 0x66, 0x66, 0x66, 0x66,
        0x66, 0x7e, 0xff, 0xff, 0xff, 0xff, 0xff, 0xff, 0xff, 0xff, 0xff, 0xff, 0xff, 0xff, 0xff, 0xff, 0xff, 0xff, 0xff, 0xff,
        0xff, 0xff, 0xff, 0xff, 0xff, 0xff, 0xff, 0xff, 0xff, 0xff, 0xff, 0xff, 0xff, 0xff, 0xfb, 0x66, 0x66, 0x66, 0x66, 0x66,
        0x66, 0x68, 0xef, 0xff, 0xff, 0xff, 0xff, 0xff, 0xfe, 0xff, 0xff, 0xff, 0xff, 0xff, 0xff, 0xff, 0xff, 0xff, 0xff, 0xff,
        0xff, 0xff, 0xff, 0xff, 0xff, 0xff, 0xff, 0xff, 0xff, 0xff, 0xff, 0xff, 0xff, 0xff, 0xe7, 0x66, 0x66, 0x66, 0x66, 0x66,
        0x66, 0x66, 0x9f, 0xff, 0xff, 0xff, 0xff, 0xeb, 0x87, 0xbf, 0xff, 0xff, 0xff, 0xff, 0xff, 0xff, 0xff, 0xff, 0xff, 0xff,
        0xff, 0xff, 0xff, 0xff, 0xff, 0xff, 0xff, 0xff, 0xff, 0xff, 0xff, 0xff, 0xff, 0xff, 0xc6, 0x66, 0x66, 0x66, 0x66, 0x66,
        0x66, 0x66, 0x6a, 0xff, 0xff, 0xfe, 0xb8, 0x76, 0x66, 0x69, 0xef, 0xff, 0xff, 0xff, 0xff, 0xff, 0xff, 0xff, 0xff, 0xff,
        0xff, 0xff, 0xff, 0xff, 0xff, 0xff, 0xff, 0xff, 0xff, 0xff, 0xff, 0xff, 0xff, 0xff, 0x86, 0x66, 0x66, 0x66, 0x66, 0x66,
        0x66, 0x66, 0x66, 0xbf, 0xec, 0x97, 0x66, 0x66, 0x66, 0x66, 0x7c, 0xff, 0xff, 0xff, 0xff, 0xff, 0xff, 0xff, 0xff, 0xff,
        0xff, 0xff, 0xff, 0xff, 0xff, 0xff, 0xff, 0xff, 0xff, 0xff, 0xff, 0xff, 0xff, 0xfc, 0x66, 0x66, 0x66, 0x66, 0x66, 0x66,
        0x66, 0x66, 0x66, 0x69, 0x76, 0x66, 0x66, 0x66, 0x66, 0x66, 0x66, 0xaf, 0xff, 0xff, 0xff, 0xff, 0xff, 0xff, 0xff, 0xff,
        0xff, 0xff, 0xff, 0xff, 0xff, 0xff, 0xff, 0xff, 0xff, 0xff, 0xff, 0xff, 0xff, 0xf8, 0x66, 0x66, 0x66, 0x66, 0x66, 0x66,
        0x66, 0x66, 0x66, 0x66, 0x66, 0x66, 0x66, 0x66, 0x66, 0x66, 0x66, 0x68, 0xef, 0xff, 0xff, 0xff, 0xff, 0xff, 0xff, 0xff,
        0xff, 0xff, 0xff, 0xff, 0xff, 0xff, 0xff, 0xfa, 0xaa, 0xcc, 0xdd, 0xef, 0xff, 0xc6, 0x66, 0x66, 0x66, 0x66, 0x66, 0x66,
        0x66, 0x66, 0x66, 0x66, 0x66, 0x66, 0x66, 0x66, 0x66, 0x66, 0x66, 0x66, 0x7f, 0xff, 0xff, 0xff, 0xff, 0xff, 0xff, 0xff,
        0xff, 0xff, 0xff, 0xff, 0xff, 0xff, 0xff, 0x96, 0x66, 0x66, 0x66, 0x77, 0x88, 0x76, 0x66, 0x66, 0x66, 0x66, 0x66, 0x66,
        0x66, 0x66, 0x66, 0x66, 0x66, 0x66, 0x66, 0x66, 0x66, 0x66, 0x66, 0x66, 0x8f, 0xff, 0xff, 0xff, 0xff, 0xff, 0xff, 0xff,
        0xff, 0xff, 0xff, 0xff, 0xff, 0xff, 0xfb, 0x66, 0x66, 0x66, 0x66, 0x66, 0x66, 0x66, 0x66, 0x66, 0x66, 0x66, 0x66, 0x66,
        0x66, 0x66, 0x66, 0x66, 0x66, 0x66, 0x66, 0x66, 0x66, 0x66, 0x66, 0x66, 0x8f, 0xff, 0xff, 0xff, 0xff, 0xff, 0xff, 0xff,
        0xff, 0xff, 0xff, 0xff, 0xff, 0xff, 0xd7, 0x66, 0x66, 0x66, 0x66, 0x66, 0x66, 0x66, 0x66, 0x66, 0x66, 0x66, 0x66, 0x66,
        0x66, 0x66, 0x66, 0x66, 0x66, 0x66, 0x66, 0x66, 0x66, 0x66, 0x66, 0x66, 0x9f, 0xff, 0xff, 0xff, 0xff, 0xff, 0xff, 0xff,
        0xff, 0xff, 0xff, 0xff, 0xff, 0xff, 0x86, 0x66, 0x66, 0x66, 0x66, 0x66, 0x66, 0x66, 0x66, 0x66, 0x66, 0x66, 0x66, 0x66,
        0x66, 0x66, 0x66, 0x66, 0x66, 0x66, 0x66, 0x66, 0x66, 0x66, 0x66, 0x66, 0xaf, 0xff, 0xff, 0xff, 0xff, 0xff, 0xff, 0xff,
        0xff, 0xff, 0xff, 0xff, 0xff, 0xf9, 0x66, 0x66, 0x66, 0x66, 0x66, 0x66, 0x66, 0x66, 0x66, 0x66, 0x66, 0x66, 0x66, 0x66,
        0x66, 0x66, 0x66, 0x66, 0x66, 0x66, 0x66, 0x66, 0x66, 0x66, 0x66, 0x66, 0xaf, 0xff, 0xff, 0xff, 0xff, 0xff, 0xff, 0xff,
        0xff, 0xff, 0xff, 0xff, 0xff, 0xb6, 0x66, 0x66, 0x66, 0x66, 0x66, 0x66, 0x66, 0x66, 0x66, 0x66, 0x66, 0x66, 0x66, 0x66,
        0x66, 0x66, 0x66, 0x66, 0x66, 0x66, 0x66, 0x66, 0x66, 0x66, 0x66, 0x66, 0xcf, 0xff, 0xff, 0xff, 0xff, 0xff, 0xff, 0xff,
        0xff, 0xff, 0xff, 0xff, 0xfe, 0x66, 0x66, 0x66, 0x66, 0x66, 0x66, 0x66, 0x66, 0x66, 0x66, 0x66, 0x66, 0x66, 0x66, 0x66,
        0x66, 0x66, 0x66, 0x66, 0x66, 0x66, 0x66, 0x66, 0x66, 0x66, 0x66, 0x66, 0xcf, 0xff, 0xff, 0xff, 0xff, 0xff, 0xff, 0xff,
        0xff, 0xff, 0xff, 0xff, 0xff, 0x76, 0x66, 0x66, 0x66, 0x66, 0x66, 0x66, 0x66, 0x66, 0x66, 0x66, 0x66, 0x66, 0x66, 0x66,
        0x66, 0x66, 0x66, 0x66, 0x66, 0x66, 0x66, 0x66, 0x66, 0x66, 0x66, 0x66, 0xdf, 0xff, 0xff, 0xff, 0xff, 0xff, 0xff, 0xff,
        0xff, 0xff, 0xff, 0xff, 0xff, 0xa6, 0x66, 0x66, 0x66, 0x66, 0x66, 0x66, 0x66, 0x66, 0x66, 0x66, 0x66, 0x66, 0x66, 0x66,
        0x66, 0x66, 0x66, 0x66, 0x66, 0x66, 0x66, 0x66, 0x66, 0x66, 0x66, 0x66, 0xdf, 0xff, 0xff, 0xff, 0xff, 0xff, 0xff, 0xff,
        0xff, 0xff, 0xff, 0xff, 0xff, 0xd6, 0x66, 0x66, 0x66, 0x66, 0x66, 0x66, 0x66, 0x66, 0x66, 0x66, 0x66, 0x66, 0x66, 0x66,
        0x66, 0x66, 0x66, 0x66, 0x66, 0x66, 0x66, 0x66, 0x66, 0x66, 0x66, 0x67, 0xff, 0xff, 0xff, 0xff, 0xff, 0xff, 0xff, 0xff,
        0xff, 0xff, 0xff, 0xff, 0xff, 0xf7, 0x66, 0x66, 0x66, 0x66, 0x66, 0x66, 0x66, 0x66, 0x66, 0x66, 0x66, 0x66, 0x66, 0x66,
        0x66, 0x66, 0x66, 0x66, 0x66, 0x66, 0x66, 0x66, 0x66, 0x66, 0x66, 0x67, 0xcf, 0xff, 0xff, 0xff, 0xff, 0xff, 0xff, 0xff,
        0xff, 0xff, 0xff, 0xff, 0xff, 0xfa, 0x66, 0x66, 0x66, 0x66, 0x66, 0x66, 0x66, 0x66, 0x66, 0x66, 0x66, 0x66, 0x78, 0xab,
        0xba, 0x97, 0x66, 0x66, 0x66, 0x66, 0x66, 0x66, 0x66, 0x66, 0x66, 0x66, 0x68, 0xbe, 0xff, 0xff, 0xff, 0xff, 0xff, 0xff,
        0xff, 0xff, 0xff, 0xff, 0xff, 0xfd, 0x66, 0x66, 0x66, 0x66, 0x66, 0x66, 0x66, 0x66, 0x66, 0x66, 0x66, 0x8c, 0xef, 0xff,
        0xff, 0xff, 0xc9, 0x66, 0x66, 0x66, 0x66, 0x66, 0x66, 0x66, 0x66, 0x66, 0x66, 0x67, 0xbe, 0xff, 0xff, 0xff, 0xff, 0xff,
        0xff, 0xff, 0xff, 0xff, 0xff, 0xff, 0x86, 0x66, 0x66, 0x66, 0x66, 0x66, 0x66, 0x66, 0x66, 0x66, 0x7b, 0xff, 0xff, 0xff,
        0xff, 0xff, 0xff, 0xd7, 0x66, 0x66, 0x66, 0x66, 0x66, 0x66, 0x66, 0x66, 0x66, 0x66, 0x67, 0xbe, 0xff, 0xff, 0xff, 0xff,
        0xff, 0xff, 0xff, 0xff, 0xff, 0xff, 0xb6, 0x66, 0x66, 0x66, 0x66, 0x66, 0x66, 0x66, 0x66, 0x68, 0xef, 0xff, 0xff, 0xff,
        0xff, 0xff, 0xff, 0xfe, 0x96, 0x66, 0x66, 0x66, 0x66, 0x66, 0x66, 0x66, 0x66, 0x66, 0x66, 0x67, 0xae, 0xff, 0xff, 0xff,
        0xff, 0xff, 0xff, 0xff, 0xff, 0xff, 0xd6, 0x66, 0x66, 0x66, 0x66, 0x66, 0x66, 0x66, 0x66, 0x8e, 0xff, 0xff, 0xff, 0xff,
        0xff, 0xff, 0xff, 0xff, 0xf9, 0x66, 0x66, 0x66, 0x66, 0x66, 0x66, 0x66, 0x66, 0x66, 0x66, 0x66, 0x67, 0xef, 0xff, 0xff,
        0xff, 0xff, 0xff, 0xff, 0xff, 0xff, 0xf8, 0x66, 0x66, 0x66, 0x66, 0x66, 0x66, 0x66, 0x67, 0xef, 0xff, 0xff, 0xff, 0xff,
        0xff, 0xff, 0xff, 0xff, 0xff, 0x86, 0x66, 0x66, 0x66, 0x66, 0x66, 0x66, 0x66, 0x66, 0x66, 0x66, 0x66, 0xdf, 0xff, 0xff,
        0xff, 0xff, 0xff, 0xff, 0xff, 0xff, 0xc7, 0x66, 0x66, 0x66, 0x66, 0x66, 0x66, 0x66, 0x6b, 0xff, 0xff, 0xff, 0xff, 0xff,
        0xff, 0xff, 0xff, 0xff, 0xff, 0xd6, 0x66, 0x66, 0x66, 0x66, 0x66, 0x66, 0x66, 0x66, 0x66, 0x66, 0x66, 0xcf, 0xff, 0xff,
        0xff, 0xff, 0xff, 0xff, 0xff, 0xfb, 0x66, 0x66, 0x66, 0x66, 0x66, 0x66, 0x66, 0x66, 0x8f, 0xff, 0xff, 0xff, 0xff, 0xff,
        0xff, 0xff, 0xff, 0xff, 0xff, 0xfa, 0x66, 0x66, 0x66, 0x66, 0x66, 0x66, 0x66, 0x66, 0x66, 0x66, 0x66, 0xbf, 0xff, 0xff,
        0xff, 0xff, 0xff, 0xff, 0xff, 0xa6, 0x66, 0x66, 0x66, 0x66, 0x66, 0x66, 0x66, 0x66, 0xcf, 0xff, 0xff, 0xff, 0xff, 0xff,
        0xff, 0xff, 0xff, 0xff, 0xff, 0xfd, 0x66, 0x66, 0x66, 0x66, 0x66, 0x66, 0x66, 0x66, 0x66, 0x66, 0x66, 0xaf, 0xff, 0xff,
        0xff, 0xff, 0xff, 0xff, 0xf9, 0x66, 0x66, 0x66, 0x66, 0x66, 0x66, 0x66, 0x66, 0x67, 0xef, 0xff, 0xff, 0xff, 0xff, 0xff,
        0xff, 0xff, 0xff, 0xff, 0xff, 0xff, 0x86, 0x66, 0x66, 0x66, 0x66, 0x66, 0x66, 0x66, 0x66, 0x66, 0x66, 0x9f, 0xff, 0xff,
        0xff, 0xff, 0xff, 0xfe, 0x86, 0x66, 0x66, 0x66, 0x66, 0x66, 0x66, 0x66, 0x66, 0x68, 0xff, 0xff, 0xff, 0xff, 0xff, 0xff,
        0xff, 0xff, 0xff, 0xff, 0xff, 0xff, 0xa6, 0x66, 0x66, 0x66, 0x66, 0x66, 0x66, 0x66, 0x66, 0x66, 0x66, 0x8f, 0xff, 0xff,
        0xff, 0xff, 0xff, 0xd7, 0x66, 0x66, 0x66, 0x66, 0x66, 0x66, 0x66, 0x66, 0x66, 0x6a, 0xff, 0xff, 0xff, 0xff, 0xff, 0xff,
        0xff, 0xff, 0xff, 0xff, 0xff, 0xff, 0xc6, 0x66, 0x66, 0x66, 0x66, 0x66, 0x66, 0x66, 0x66, 0x66, 0x66, 0x7f, 0xff, 0xff,
        0xff, 0xff, 0xfc, 0x76, 0x66, 0x66, 0x66, 0x66, 0x66, 0x66, 0x66, 0x66, 0x66, 0x6b, 0xff, 0xff, 0xff, 0xff, 0xff, 0xff,
        0xff, 0xff, 0xff, 0xff, 0xff, 0xff, 0xd6, 0x66, 0x66, 0x66, 0x66, 0x66, 0x66, 0x66, 0x66, 0x66, 0x66, 0x6e, 0xff, 0xff,
        0xff, 0xff, 0xf7, 0x66, 0x66, 0x66, 0x66, 0x66, 0x66, 0x66, 0x66, 0x66, 0x66, 0x6b, 0xff, 0xff, 0xff, 0xff, 0xff, 0xff,
        0xff, 0xff, 0xff, 0xff, 0xff, 0xff, 0xd6, 0x66, 0x66, 0x66, 0x66, 0x66, 0x66, 0x66, 0x66, 0x66, 0x66, 0x9e, 0xff, 0xff,
        0xff, 0xff, 0xf8, 0x66, 0x66, 0x66, 0x66, 0x66, 0x66, 0x66, 0x66, 0x66, 0x66, 0x6a, 0xff, 0xff, 0xff, 0xff, 0xff, 0xff,
        0xff, 0xff, 0xff, 0xff, 0xff, 0xff, 0xc6, 0x66, 0x66, 0x66, 0x66, 0x66, 0x66, 0x66, 0x66, 0x66, 0x6a, 0xff, 0xff, 0xff,
        0xff, 0xff, 0xf9, 0x66, 0x66, 0x66, 0x66, 0x66, 0x66, 0x66, 0x66, 0x66, 0x66, 0x69, 0xff, 0xff, 0xff, 0xff, 0xff, 0xff,
        0xff, 0xff, 0xff, 0xff, 0xff, 0xff, 0xa6, 0x66, 0x66, 0x66, 0x66, 0x66, 0x66, 0x66, 0x66, 0x66, 0xbf, 0xff, 0xff, 0xff,
        0xff, 0xff, 0xfa, 0x66, 0x66, 0x66, 0x66, 0x66, 0x66, 0x66, 0x66, 0x66, 0x66, 0x67, 0xff, 0xff, 0xff, 0xff, 0xff, 0xff,
        0xff, 0xff, 0xff, 0xff, 0xff, 0xff, 0x96, 0x66, 0x66, 0x66, 0x66, 0x66, 0x66, 0x66, 0x66, 0x7d, 0xff, 0xff, 0xff, 0xff,
        0xff, 0xff, 0xfc, 0x66, 0x66, 0x66, 0x66, 0x66, 0x66, 0x66, 0x66, 0x66, 0x66, 0x66, 0xcf, 0xff, 0xff, 0xff, 0xff, 0xff,
        0xff, 0xff, 0xff, 0xff, 0xff, 0xfe, 0x76, 0x66, 0x66, 0x66, 0x66, 0x66, 0x66, 0x66, 0x68, 0xef, 0xff, 0xff, 0xff, 0xff,
        0xff, 0xff, 0xfd, 0x66, 0x66, 0x66, 0x66, 0x66, 0x66, 0x66, 0x66, 0x66, 0x66, 0x66, 0x9f, 0xff, 0xff, 0xff, 0xff, 0xff,
        0xff, 0xff, 0xff, 0xff, 0xff, 0xfb, 0x66, 0x66, 0x66, 0x66, 0x66, 0x66, 0x66, 0x66, 0x9e, 0xff, 0xff, 0xff, 0xff, 0xff,
        0xff, 0xff, 0xfe, 0x66, 0x66, 0x66, 0x66, 0x66, 0x66, 0x66, 0x66, 0x66, 0x66, 0x66, 0x6d, 0xff, 0xff, 0xff, 0xff, 0xff,
        0xff, 0xff, 0xff, 0xff, 0xff, 0xe7, 0x66, 0x66, 0x66, 0x66, 0x66, 0x66, 0x66, 0x69, 0xff, 0xff, 0xff, 0xff, 0xff, 0xff,
        0xff, 0xff, 0xff, 0x76, 0x66, 0x66, 0x66, 0x66, 0x66, 0x66, 0x66, 0x66, 0x66, 0x66, 0x67, 0xef, 0xff, 0xff, 0xff, 0xff,
        0xff, 0xff, 0xff, 0xff, 0xff, 0x96, 0x66, 0x66, 0x66, 0x66, 0x66, 0x66, 0x66, 0x7f, 0xff, 0xff, 0xff, 0xff, 0xff, 0xff,
        0xff, 0xff, 0xff, 0x86, 0x66, 0x66, 0x66, 0x66, 0x66, 0x66, 0x66, 0x66, 0x66, 0x66, 0x66, 0x9f, 0xff, 0xff, 0xff, 0xff,
        0xff, 0xff, 0xff, 0xff, 0xfb, 0x66, 0x66, 0x66, 0x66, 0x66, 0x66, 0x66, 0x66, 0x6c, 0xff, 0xff, 0xff, 0xff, 0xff, 0xff,
        0xff, 0xff, 0xff, 0xd9, 0x66, 0x66, 0x66, 0x66, 0x66, 0x66, 0x66, 0x66, 0x66, 0x66, 0x66, 0x69, 0xff, 0xff, 0xff, 0xff,
        0xff, 0xff, 0xff, 0xff, 0xb6, 0x66, 0x66, 0x66, 0x66, 0x66, 0x66, 0x66, 0x66, 0x69, 0xff, 0xff, 0xff, 0xff, 0xff, 0xff,
        0xff, 0xff, 0xff, 0xff, 0xda, 0x76, 0x66, 0x66, 0x66, 0x66, 0x66, 0x66, 0x66, 0x66, 0x66, 0x66, 0x8d, 0xff, 0xff, 0xff,
        0xff, 0xff, 0xff, 0xe9, 0x66, 0x66, 0x66, 0x66, 0x66, 0x66, 0x66, 0x66, 0x66, 0x67, 0xef, 0xff, 0xff, 0xff, 0xff, 0xff,
        0xff, 0xff, 0xff, 0xff, 0xff, 0xea, 0x76, 0x66, 0x66, 0x66, 0x66, 0x66, 0x66, 0x66, 0x66, 0x66, 0x66, 0xad, 0xff, 0xff,
        0xff, 0xff, 0xeb, 0x76, 0x66, 0x66, 0x66, 0x66, 0x66, 0x66, 0x66, 0x66, 0x66, 0x66, 0xcf, 0xff, 0xff, 0xff, 0xff, 0xff,
        0xff, 0xff, 0xff, 0xff, 0xff, 0xff, 0xea, 0x76, 0x66, 0x66, 0x66, 0x66, 0x66, 0x66, 0x66, 0x66, 0x66, 0x66, 0x8a, 0xbc,
        0xcc, 0xa9, 0x76, 0x66, 0x66, 0x66, 0x66, 0x66, 0x66, 0x66, 0x66, 0x66, 0x66, 0x66, 0x9f, 0xff, 0xff, 0xff, 0xff, 0xff,
        0xff, 0xff, 0xff, 0xff, 0xff, 0xff, 0xff, 0xeb, 0x76, 0x66, 0x66, 0x66, 0x66, 0x66, 0x66, 0x66, 0x66, 0x66, 0x66, 0x66,
        0x66, 0x66, 0x66, 0x66, 0x66, 0x66, 0x66, 0x66, 0x66, 0x66, 0x66, 0x66, 0x66, 0x66, 0x7e, 0xff, 0xff, 0xff, 0xff, 0xff,
        0xff, 0xff, 0xff, 0xff, 0xff, 0xff, 0xff, 0xff, 0x96, 0x66, 0x66, 0x66, 0x66, 0x66, 0x66, 0x66, 0x66, 0x66, 0x66, 0x66,
        0x66, 0x66, 0x66, 0x66, 0x66, 0x66, 0x66, 0x66, 0x66, 0x66, 0x66, 0x66, 0x66, 0x66, 0x6c, 0xff, 0xff, 0xff, 0xff, 0xff,
        0xff, 0xff, 0xff, 0xff, 0xff, 0xff, 0xff, 0xff, 0x76, 0x66, 0x66, 0x66, 0x66, 0x66, 0x66, 0x66, 0x66, 0x66, 0x66, 0x66,
        0x66, 0x66, 0x66, 0x66, 0x66, 0x66, 0x66, 0x66, 0x66, 0x66, 0x66, 0x66, 0x66, 0x66, 0x69, 0xff, 0xff, 0xff, 0xff, 0xff,
        0xff, 0xff, 0xff, 0xff, 0xff, 0xff, 0xff, 0xff, 0x76, 0x66, 0x66, 0x66, 0x66, 0x66, 0x66, 0x66, 0x66, 0x66, 0x66, 0x66,
        0x66, 0x66, 0x66, 0x66, 0x66, 0x66, 0x66, 0x66, 0x66, 0x66, 0x66, 0x66, 0x66, 0x66, 0x67, 0xef, 0xff, 0xff, 0xff, 0xff,
        0xff, 0xff, 0xff, 0xff, 0xff, 0xff, 0xff, 0xfe, 0x66, 0x66, 0x66, 0x66, 0x66, 0x66, 0x66, 0x66, 0x66, 0x66, 0x66, 0x66,
        0x66, 0x66, 0x66, 0x66, 0x66, 0x66, 0x66, 0x66, 0x66, 0x66, 0x66, 0x66, 0x66, 0x66, 0x66, 0xcf, 0xff, 0xff, 0xff, 0xff,
        0xff, 0xff, 0xff, 0xff, 0xff, 0xff, 0xff, 0xfd, 0x66, 0x66, 0x66, 0x66, 0x66, 0x66, 0x66, 0x66, 0x66, 0x66, 0x66, 0x66,
        0x66, 0x66, 0x66, 0x66, 0x66, 0x66, 0x66, 0x66, 0x66, 0x66, 0x66, 0x66, 0x66, 0x66, 0x68, 0xff, 0xff, 0xff, 0xff, 0xff,
        0xff, 0xff, 0xff, 0xff, 0xff, 0xff, 0xff, 0xfc, 0x66, 0x66, 0x66, 0x66, 0x66, 0x66, 0x66, 0x66, 0x66, 0x66, 0x66, 0x66,
        0x66, 0x66, 0x66, 0x66, 0x66, 0x66, 0x66, 0x66, 0x66, 0x66, 0x66, 0x66, 0x66, 0x66, 0x7e, 0xff, 0xff, 0xff, 0xff, 0xff,
        0xff, 0xff, 0xff, 0xff, 0xff, 0xff, 0xff, 0xfc, 0x66, 0x66, 0x66, 0x66, 0x66, 0x66, 0x66, 0x66, 0x66, 0x66, 0x66, 0x66,
        0x66, 0x66, 0x66, 0x66, 0x66, 0x66, 0x66, 0x66, 0x66, 0x66, 0x66, 0x66, 0x66, 0x66, 0xdf, 0xff, 0xff, 0xff, 0xff, 0xff,
        0xff, 0xff, 0xff, 0xff, 0xff, 0xff, 0xff, 0xfb, 0x66, 0x66, 0x66, 0x66, 0x66, 0x66, 0x66, 0x66, 0x66, 0x66, 0x66, 0x66,
        0x66, 0x66, 0x66, 0x66, 0x66, 0x66, 0x66, 0x66, 0x66, 0x66, 0x66, 0x66, 0x66, 0x6a, 0xff, 0xff, 0xff, 0xff, 0xff, 0xff,
        0xff, 0xff, 0xff, 0xff, 0xff, 0xff, 0xff, 0xfa, 0x66, 0x66, 0x66, 0x66, 0x66, 0x66, 0x66, 0x66, 0x66, 0x66, 0x66, 0x66,
        0x66, 0x66, 0x66, 0x66, 0x66, 0x66, 0x66, 0x66, 0x66, 0x66, 0x66, 0x66, 0x66, 0x8f, 0xff, 0xff, 0xff, 0xff, 0xff, 0xff,
        0xff, 0xff, 0xff, 0xff, 0xff, 0xff, 0xff, 0xf9, 0x66, 0x66, 0x66, 0x66, 0x66, 0x66, 0x66, 0x66, 0x66, 0x66, 0x66, 0x66,
        0x66, 0x66, 0x66, 0x66, 0x66, 0x66, 0x66, 0x77, 0x66, 0x66, 0x66, 0x66, 0x67, 0xef, 0xff, 0xff, 0xff, 0xff, 0xff, 0xff,
        0xff, 0xff, 0xff, 0xff, 0xff, 0xff, 0xff, 0xf8, 0x66, 0x66, 0x66, 0x66, 0x66, 0x66, 0x66, 0x66, 0x66, 0x66, 0x66, 0x66,
        0x66, 0x66, 0x66, 0x66, 0x66, 0x66, 0x69, 0xfe, 0xed, 0xcc, 0xba, 0x98, 0x8c, 0xff, 0xff, 0xff, 0xff, 0xff, 0xff, 0xff,
        0xff, 0xff, 0xff, 0xff, 0xff, 0xff, 0xff, 0xfd, 0x86, 0x66, 0x66, 0x66, 0x66, 0x66, 0x66, 0x66, 0x66, 0x66, 0x66, 0x66,
        0x66, 0x66, 0x66, 0x66, 0x66, 0x66, 0x6d, 0xff, 0xff, 0xff, 0xff, 0xff, 0xff, 0xff, 0xff, 0xff, 0xff, 0xff, 0xff, 0xff,
        0xff, 0xff, 0xff, 0xff, 0xff, 0xff, 0xff, 0xff, 0xfa, 0x66, 0x66, 0x66, 0x66, 0x66, 0x66, 0x66, 0x76, 0x66, 0x66, 0x66,
        0x66, 0x66, 0x66, 0x66, 0x66, 0x66, 0x9f, 0xff, 0xff, 0xff, 0xff, 0xff, 0xff, 0xff, 0xff, 0xff, 0xff, 0xff, 0xff, 0xff,
        0xff, 0xff, 0xff, 0xff, 0xff, 0xff, 0xff, 0xff, 0xff, 0xc7, 0x66, 0x66, 0x66, 0x66, 0x67, 0x9c, 0xeb, 0x66, 0x66, 0x66,
        0x66, 0x66, 0x66, 0x66, 0x66, 0x66, 0xdf, 0xff, 0xff, 0xff, 0xff, 0xff, 0xff, 0xff, 0xff, 0xff, 0xff, 0xff, 0xff, 0xff,
        0xff, 0xff, 0xff, 0xff, 0xff, 0xff, 0xff, 0xff, 0xff, 0xfe, 0x86, 0x66, 0x66, 0x79, 0xce, 0xff, 0xff, 0xa6, 0x66, 0x66,
        0x66, 0x66, 0x66, 0x66, 0x66, 0x69, 0xff, 0xff, 0xff, 0xff, 0xff, 0xff, 0xff, 0xff, 0xff, 0xff, 0xff, 0xff, 0xff, 0xff,
        0xff, 0xff, 0xff, 0xff, 0xff, 0xff, 0xff, 0xff, 0xff, 0xff, 0xfa, 0x67, 0x9c, 0xef, 0xff, 0xff, 0xff, 0xf9, 0x66, 0x66,
        0x66, 0x66, 0x66, 0x66, 0x66, 0x6d, 0xff, 0xff, 0xff, 0xff, 0xff, 0xff, 0xff, 0xff, 0xff, 0xff, 0xff, 0xff, 0xff, 0xff,
        0xff, 0xff, 0xff, 0xff, 0xff, 0xff, 0xff, 0xff, 0xff, 0xff, 0xff, 0xde, 0xff, 0xff, 0xff, 0xff, 0xff, 0xfe, 0x86, 0x66,
        0x66, 0x66, 0x66, 0x66, 0x66, 0x8f, 0xff, 0xff, 0xff, 0xff, 0xff, 0xff, 0xff, 0xff, 0xff, 0xff, 0xff, 0xff, 0xff, 0xff,
        0xff, 0xff, 0xff, 0xff, 0xff, 0xff, 0xff, 0xff, 0xff, 0xff, 0xff, 0xff, 0xff, 0xff, 0xff, 0xff, 0xff, 0xff, 0xe7, 0x66,
        0x66, 0x66, 0x66, 0x66, 0x66, 0xcf, 0xff, 0xff, 0xff, 0xff, 0xff, 0xff, 0xff, 0xff, 0xff, 0xff, 0xff, 0xff, 0xff, 0xff,
        0xff, 0xff, 0xff, 0xff, 0xff, 0xff, 0xff, 0xff, 0xff, 0xff, 0xff, 0xff, 0xff, 0xff, 0xff, 0xff, 0xff, 0xff, 0xfd, 0x76,
        0x66, 0x66, 0x66, 0x66, 0x68, 0xff, 0xff, 0xff, 0xff, 0xff, 0xff, 0xff, 0xff, 0xff, 0xff, 0xff, 0xff, 0xff, 0xff, 0xff,
        0xff, 0xff, 0xff, 0xff, 0xff, 0xff, 0xff, 0xff, 0xff, 0xff, 0xff, 0xff, 0xff, 0xff, 0xff, 0xff, 0xff, 0xff, 0xff, 0xc6,
        0x66, 0x66, 0x66, 0x67, 0x7d, 0xff, 0xff, 0xff, 0xff, 0xff, 0xff, 0xff, 0xff, 0xff, 0xff, 0xff, 0xff, 0xff, 0xff, 0xff,
        0xff, 0xff, 0xff, 0xff, 0xff, 0xff, 0xff, 0xff, 0xff, 0xff, 0xff, 0xff, 0xff, 0xff, 0xff, 0xff, 0xff, 0xff, 0xff, 0xfa,
        0x77, 0x8a, 0xbc, 0xde, 0xff, 0xff, 0xff, 0xff, 0xff, 0xff, 0xff, 0xff, 0xff, 0xff, 0xff, 0xff, 0xff, 0xff, 0xff, 0xff,
        0xff, 0xff, 0xff, 0xff, 0xff, 0xff, 0xff, 0xff, 0xff, 0xff, 0xff, 0xff, 0xff, 0xff, 0xff, 0xff, 0xff, 0xff, 0xff, 0xff,
        0xef, 0xff, 0xff, 0xff, 0xff, 0xff, 0xff, 0xff, 0xff, 0xff, 0xff, 0xff, 0xff, 0xff, 0xff, 0xff, 0xff, 0xff, 0xff, 0xff,
        0xff, 0xff, 0xff, 0xff, 0xff, 0xff, 0xff, 0xff, 0xff, 0xff, 0xff, 0xff, 0xff, 0xff, 0xff, 0xff, 0xff, 0xff, 0xff, 0xff,
        0xff, 0xff, 0xff, 0xff, 0xff, 0xff, 0xff, 0xff, 0xff, 0xff, 0xff, 0xff, 0xff, 0xff, 0xff, 0xff, 0xff, 0xff, 0xff, 0xff,
        0xff, 0xff, 0xff, 0xff, 0xff, 0xff, 0xff, 0xff, 0xff, 0xff, 0xff, 0xff, 0xff, 0xff, 0xff, 0xff, 0xff, 0xff, 0xff, 0xff,
        0xff, 0xff, 0xff, 0xff, 0xff, 0xff, 0xff, 0xff, 0xff, 0xff, 0xff, 0xff, 0xff, 0xff, 0xff, 0xff, 0xff, 0xff, 0xff, 0xff,
        0xff, 0xff, 0xff, 0xff, 0xff, 0xff, 0xff, 0xff, 0xff, 0xff, 0xff, 0xff, 0xff, 0xff, 0xff, 0xff, 0xff, 0xff, 0xff, 0xff,
        0xff, 0xff, 0xff, 0xff, 0xff, 0xff, 0xff, 0xff, 0xff, 0xff, 0xff, 0xff, 0xff, 0xff, 0xff, 0xff, 0xff, 0xff, 0xff, 0xff,
        0xff, 0xff, 0xff, 0xff, 0xff, 0xff, 0xff, 0xff, 0xff, 0xff, 0xff, 0xff, 0xff, 0xff, 0xff, 0xff, 0xff, 0xff, 0xff, 0xff,
        0xff, 0xff, 0xff, 0xff, 0xff, 0xff, 0xff, 0xff, 0xff, 0xff, 0xff, 0xff, 0xff, 0xff, 0xff, 0xff, 0xff, 0xff, 0xff, 0xff,
    },
    {
        0xff, 0xff, 0xff, 0xff, 0xff, 0xff, 0xff, 0xff, 0xff, 0xff, 0xff, 0xff, 0xff, 0xff, 0xff, 0xff, 0xff, 0xff, 0xff, 0xff,
        0xff, 0xff, 0xff, 0xff, 0xff, 0xff, 0xff, 0xff, 0xff, 0xff, 0xff, 0xff, 0xff, 0xff, 0xff, 0xff, 0xff, 0xff, 0xff, 0xff,
        0xff, 0xff, 0xff, 0xff, 0xff, 0xff, 0xff, 0xff, 0xff, 0xff, 0xff, 0xff, 0xff, 0xff, 0xff, 0xff, 0xff, 0xff, 0xff, 0xff,
        0xff, 0xff, 0xff, 0xff, 0xff, 0xff, 0xff, 0xff, 0xff, 0xff, 0xff, 0xff, 0xff, 0xff, 0xff, 0xff, 0xff, 0xff, 0xff, 0xff,
        0xff, 0xff, 0xff, 0xff, 0xff, 0xff, 0xff, 0xff, 0xff, 0xff, 0xff, 0xff, 0xff, 0xff, 0xff, 0xff, 0xff, 0xff, 0xff, 0xff,
        0xff, 0xff, 0xff, 0xff, 0xff, 0xff, 0xff, 0xff, 0xff, 0xff, 0xff, 0xff, 0xff, 0xff, 0xff, 0xff, 0xff, 0xff, 0xff, 0xff,
        0xff, 0xff, 0xff, 0xff, 0xff, 0xff, 0xff, 0xff, 0xff, 0xff, 0xff, 0xff, 0xff, 0xff, 0xff, 0xff, 0xff, 0xff, 0xff, 0xff,
        0xff, 0xff, 0xff, 0xff, 0xff, 0xff, 0xff, 0xff, 0xff, 0xff, 0xff, 0xff, 0xff, 0xff, 0xff, 0xff, 0xff, 0xff, 0xff, 0xff,
        0xff, 0xff, 0xff, 0xff, 0xff, 0xff, 0xff, 0xff, 0xff, 0xff, 0xff, 0xff, 0xff, 0xff, 0xff, 0xff, 0xff, 0xff, 0xff, 0xff,
        0xff, 0xff, 0xff, 0xff, 0xff, 0xff, 0xff, 0xff, 0xff, 0xff, 0xff, 0xff, 0xff, 0xff, 0xff, 0xff, 0xff, 0xff, 0xff, 0xff,
        0xff, 0xff, 0xff, 0xff, 0xff, 0xff, 0xff, 0xff, 0xff, 0xff, 0xff, 0xff, 0xff, 0xff, 0xff, 0xff, 0xff, 0xff, 0xff, 0xff,
        0xff, 0xff, 0xff, 0xff, 0xff, 0xff, 0xff, 0xff, 0xff, 0xff, 0xff, 0xff, 0xff, 0xff, 0xff, 0xff, 0xff, 0xff, 0xff, 0xff,
        0xff, 0xff, 0xff, 0xff, 0xff, 0xff, 0xff, 0xff, 0xff, 0xff, 0xff, 0xff, 0xff, 0xff, 0xff, 0xff, 0xff, 0xff, 0xff, 0xff,
        0xff, 0xff, 0xff, 0xff, 0xff, 0xff, 0xff, 0xff, 0xff, 0xff, 0xff, 0xff, 0xff, 0xff, 0xff, 0xff, 0xff, 0xff, 0xff, 0xff,
        0xff, 0xff, 0xff, 0xff, 0xff, 0xff, 0xff, 0xff, 0xff, 0xff, 0xff, 0xff, 0xff, 0xff, 0xff, 0xff, 0xff, 0xff, 0xff, 0xff,
        0xff, 0xff, 0xff, 0xff, 0xff, 0xff, 0xff, 0xff, 0xff, 0xff, 0xff, 0xff, 0xff, 0xff, 0xff, 0xff, 0xff, 0xff, 0xff, 0xff,
        0xff, 0xff, 0xff, 0xff, 0xff, 0xff, 0xff, 0xff, 0xff, 0xff, 0xff, 0xff, 0xff, 0xff, 0xff, 0xff, 0xff, 0xff, 0xff, 0xff,
        0xff, 0xff, 0xff, 0xff, 0xff, 0xff, 0xff, 0xff, 0xff, 0xff, 0xff, 0xff, 0xff, 0xff, 0xff, 0xff, 0xff, 0xff, 0xff, 0xff,
        0xff, 0xff, 0xff, 0xff, 0xff, 0xff, 0xff, 0xff, 0xff, 0xff, 0xff, 0xff, 0xff, 0xff, 0xff, 0xff, 0xff, 0xff, 0xff, 0xff,
        0xff, 0xff, 0xff, 0xff, 0xff, 0xff, 0xff, 0xff, 0xff, 0xff, 0xff, 0xff, 0xff, 0xff, 0xff, 0xff, 0xff, 0xff, 0xff, 0xff,
        0xff, 0xff, 0xff, 0xff, 0xff, 0xff, 0xff, 0xff, 0xff, 0xff, 0xff, 0xff, 0xff, 0xff, 0xff, 0xff, 0xff, 0xff, 0xff, 0xff,
        0xff, 0xff, 0xff, 0xff, 0xff, 0xff, 0xff, 0xff, 0xff, 0xff, 0xff, 0xff, 0xff, 0xff, 0xff, 0xff, 0xff, 0xff, 0xff, 0xff,
        0xff, 0xff, 0xff, 0xff, 0xff, 0xff, 0xff, 0xff, 0xff, 0xff, 0xff, 0xff, 0xff, 0xff, 0xff, 0xff, 0xff, 0xff, 0xff, 0xff,
        0xff, 0xff, 0xff, 0xff, 0xff, 0xff, 0xff, 0xff, 0xff, 0xff, 0xff, 0xff, 0xff, 0xff, 0xff, 0xff, 0xff, 0xff, 0xff, 0xff,
        0xff, 0xff, 0xff, 0xff, 0xff, 0xff, 0xff, 0xff, 0xff, 0xff, 0xff, 0xee, 0xee, 0xee, 0xee, 0xee, 0xee, 0xee, 0xee, 0xee,
        0xee, 0xee, 0xee, 0xee, 0xee, 0xee, 0xee, 0xee, 0xee, 0xff, 0xff, 0xff, 0xff, 0xff, 0xff, 0xff, 0xff, 0xff, 0xff, 0xff,
        0xff, 0xff, 0xff, 0xff, 0xff, 0xff, 0xff, 0xff, 0xff, 0xeb, 0x98, 0x77, 0x77, 0x77, 0x77, 0x77, 0x77, 0x77, 0x77, 0x77,
        0x77, 0x77, 0x77, 0x77, 0x77, 0x77, 0x77, 0x77, 0x77, 0x79, 0xad, 0xff, 0xff, 0xff, 0xff, 0xff, 0xff, 0xff, 0xff, 0xff,
        0xff, 0xff, 0xff, 0xff, 0xff, 0xff, 0xff, 0xff, 0xe9, 0x66, 0x66, 0x66, 0x66, 0x66, 0x66, 0x66, 0x66, 0x66, 0x66, 0x66,
        0x66, 0x66, 0x66, 0x66, 0x66, 0x66, 0x66, 0x66, 0x66, 0x66, 0x66, 0x8d, 0xff, 0xff, 0xff, 0xff, 0xff, 0xff, 0xff, 0xff,
        0xff, 0xff, 0xff, 0xff, 0xff, 0xff, 0xff, 0xfd, 0x76, 0x66, 0x66, 0x66, 0x66, 0x66, 0x66, 0x66, 0x66, 0x66, 0x66, 0x66,
        0x66, 0x66, 0x66, 0x66, 0x66, 0x66, 0x66, 0x66, 0x66, 0x66, 0x66, 0x66, 0xbf, 0xff, 0xff, 0xff, 0xff, 0xff, 0xff, 0xff,
        0xff, 0xff, 0xff, 0xff, 0xff, 0xff, 0xff, 0xc6, 0x66, 0x66, 0x66, 0x66, 0x66, 0x66, 0x66, 0x66, 0x66, 0x66, 0x66, 0x66,
        0x66, 0x66, 0x66, 0x66, 0x66, 0x66, 0x66, 0x66, 0x66, 0x66, 0x66, 0x66, 0x5a, 0xff, 0xff, 0xff, 0xff, 0xff, 0xff, 0xff,
        0xff, 0xff, 0xff, 0xff, 0xff, 0xff, 0xfd, 0x66, 0x66, 0x66, 0x66, 0x66, 0x66, 0x66, 0x66, 0x66, 0x66, 0x66, 0x66, 0x66,
        0x66, 0x66, 0x66, 0x66, 0x66, 0x66, 0x66, 0x66, 0x66, 0x66, 0x66, 0x66, 0x65, 0xbf, 0xff, 0xff, 0xff, 0xff, 0xff, 0xff,
        0xff, 0xff, 0xff, 0xff, 0xff, 0xff, 0xe7, 0x66, 0x66, 0x66, 0x66, 0x66, 0x66, 0x66, 0x66, 0x66, 0x66, 0x66, 0x66, 0x66,
        0x66, 0x66, 0x66, 0x66, 0x66, 0x66, 0x66, 0x66, 0x66, 0x66, 0x66, 0x66, 0x66, 0x6d, 0xff, 0xff, 0xff, 0xff, 0xff, 0xff,
        0xff, 0xff, 0xff, 0xff, 0xff, 0xff, 0xa6, 0x66, 0x66, 0x66, 0x66, 0x66, 0x66, 0x66, 0x66, 0x66, 0x66, 0x66, 0x66, 0x66,
        0x66, 0x66, 0x66, 0x66, 0x66, 0x66, 0x66, 0x66, 0x66, 0x66, 0x66, 0x66, 0x66, 0x68, 0xff, 0xff, 0xff, 0xff, 0xff, 0xff,
        0xff, 0xff, 0xff, 0xff, 0xff, 0xfe, 0x76, 0x66, 0x66, 0x66, 0x66, 0x66, 0x66, 0x66, 0x89, 0xbd, 0xb6, 0x66, 0x66, 0x66,
        0x66, 0x66, 0x66, 0x6a, 0xdc, 0x98, 0x76, 0x66, 0x66, 0x66, 0x66, 0x66, 0x66, 0x66, 0xcf, 0xff, 0xff, 0xff, 0xff, 0xff,
        0xff, 0xff, 0xff, 0xff, 0xff, 0xfb, 0x66, 0x66, 0x66, 0x66, 0x66, 0x67, 0x9a, 0xce, 0xff, 0xff, 0xfd, 0x76, 0x66, 0x66,
        0x66, 0x66, 0x66, 0xbf, 0xff, 0xff, 0xed, 0xb9, 0x86, 0x66, 0x66, 0x66, 0x66, 0x66, 0x9f, 0xff, 0xff, 0xff, 0xff, 0xff,
        0xff, 0xff, 0xff, 0xff, 0xff, 0xf9, 0x66, 0x66, 0x66, 0x78, 0xac, 0xdf, 0xff, 0xff, 0xff, 0xff, 0xff, 0xd7, 0x66, 0x66,
        0x66, 0x66, 0x6c, 0xff, 0xff, 0xff, 0xff, 0xff, 0xfe, 0xca, 0x97, 0x66, 0x66, 0x66, 0x7f, 0xff, 0xff, 0xff, 0xff, 0xff,
        0xff, 0xff, 0xff, 0xff, 0xff, 0xf8, 0x66, 0x66, 0x67, 0xef, 0xff, 0xff, 0xff, 0xff, 0xff, 0xff, 0xff, 0xfe, 0x85, 0x66,
        0x66, 0x67, 0xdf, 0xff, 0xff, 0xff, 0xff, 0xff, 0xff, 0xff, 0xfe, 0x86, 0x66, 0x66, 0x6e, 0xff, 0xff, 0xff, 0xff, 0xff,
        0xff, 0xff, 0xff, 0xff, 0xff, 0xe7, 0x66, 0x66, 0x67, 0xff, 0xff, 0xff, 0xff, 0xff, 0xff, 0xff, 0xff, 0xff, 0xe9, 0x66,
        0x66, 0x8d, 0xff, 0xff, 0xff, 0xff, 0xff, 0xff, 0xff, 0xff, 0xff, 0x96, 0x66, 0x66, 0x6d, 0xff, 0xff, 0xff, 0xff, 0xff,
        0xff, 0xff, 0xff, 0xff, 0xff, 0xe7, 0x66, 0x66, 0x67, 0xef, 0xff, 0xff, 0xff, 0xff, 0xff, 0xff, 0xff, 0xff, 0xff, 0xa6,
        0x68, 0xef, 0xff, 0xff, 0xff, 0xff, 0xff, 0xff, 0xff, 0xff, 0xff, 0x86, 0x66, 0x66, 0x6d, 0xff, 0xff, 0xff, 0xff, 0xff,
        0xff, 0xff, 0xff, 0xff, 0xff, 0xe7, 0x66, 0x66, 0x67, 0xef, 0xff, 0xff, 0xff, 0xff, 0xff, 0xff, 0xff, 0xff, 0xff, 0xfb,
        0x9f, 0xff, 0xff, 0xff, 0xff, 0xff, 0xff, 0xff, 0xff, 0xff, 0xff, 0x86, 0x66, 0x66, 0x6d, 0xff, 0xff, 0xff, 0xff, 0xff,
        0xff, 0xff, 0xff, 0xff, 0xff, 0xe7, 0x66, 0x66, 0x67, 0xef, 0xff, 0xff, 0xff, 0xff, 0xff, 0xff, 0xff, 0xff, 0xff, 0xff,
        0xff, 0xff, 0xff, 0xff, 0xff, 0xff, 0xff, 0xff, 0xff, 0xff, 0xff, 0x86, 0x66, 0x66, 0x6d, 0xff, 0xff, 0xff, 0xff, 0xff,
        0xff, 0xff, 0xff, 0xff, 0xff, 0xe7, 0x66, 0x66, 0x67, 0xef, 0xff, 0xff, 0xff, 0xff, 0xfe, 0xdd, 0xef, 0xff, 0xff, 0xf9,
        0x6d, 0xff, 0xff, 0xff, 0xdd, 0xef, 0xff, 0xff, 0xff, 0xff, 0xff, 0x86, 0x66, 0x66, 0x6d, 0xff, 0xff, 0xff, 0xff, 0xff,
        0xff, 0xff, 0xff, 0xff, 0xff, 0xe7, 0x66, 0x66, 0x67, 0xef, 0xff, 0xfc, 0xcb, 0xaa, 0x99, 0x99, 0xef, 0xff, 0xff, 0xf8,
        0x5d, 0xff, 0xff, 0xff, 0xa9, 0x99, 0xaa, 0xac, 0xce, 0xff, 0xff, 0x86, 0x66, 0x66, 0x6d, 0xff, 0xff, 0xff, 0xff, 0xff,
        0xff, 0xff, 0xff, 0xff, 0xff, 0xe7, 0x66, 0x66, 0x67, 0xef, 0xff, 0xfa, 0xab, 0xcc, 0xde, 0xff, 0xff, 0xff, 0xff, 0xf9,
        0x5d, 0xff, 0xff, 0xff, 0xff, 0xed, 0xdc, 0xba, 0xae, 0xff, 0xff, 0x86, 0x66, 0x66, 0x6d, 0xff, 0xff, 0xff, 0xff, 0xff,
        0xff, 0xff, 0xff, 0xff, 0xff, 0xe7, 0x66, 0x66, 0x67, 0xef, 0xff, 0xff, 0xff, 0xff, 0xff, 0xff, 0xff, 0xff, 0xff, 0xf9,
        0x5d, 0xff, 0xff, 0xff, 0xff, 0xff, 0xff, 0xff, 0xff, 0xff, 0xff, 0x86, 0x66, 0x66, 0x6d, 0xff, 0xff, 0xff, 0xff, 0xff,
        0xff, 0xff, 0xff, 0xff, 0xff, 0xe7, 0x66, 0x66, 0x67, 0xef, 0xff, 0xff, 0xff, 0xff, 0xff, 0xff, 0xff, 0xff, 0xff, 0xf9,
        0x5d, 0xff, 0xff, 0xff, 0xff, 0xff, 0xff, 0xff, 0xff, 0xff, 0xff, 0x86, 0x66, 0x66, 0x6d, 0xff, 0xff, 0xff, 0xff, 0xff,
        0xff, 0xff, 0xff, 0xff, 0xff, 0xe7, 0x66, 0x66, 0x67, 0xef, 0xff, 0xff, 0xff, 0xff, 0xff, 0xff, 0xff, 0xff, 0xff, 0xf9,
        0x5d, 0xff, 0xff, 0xff, 0xff, 0xff, 0xff, 0xff, 0xff, 0xff, 0xff, 0x86, 0x66, 0x66, 0x6d, 0xff, 0xff, 0xff, 0xff, 0xff,
        0xff, 0xff, 0xff, 0xff, 0xff, 0xe7, 0x66, 0x66, 0x67, 0xef, 0xff, 0xff, 0xff, 0xff, 0xff, 0xff, 0xff, 0xff, 0xff, 0xf9,
        0x5d, 0xff, 0xff, 0xff, 0xff, 0xff, 0xff, 0xff, 0xff, 0xff, 0xff, 0x86, 0x66, 0x66, 0x6d, 0xff, 0xff, 0xff, 0xff, 0xff,
        0xff, 0xff, 0xff, 0xff, 0xff, 0xe7, 0x66, 0x66, 0x67, 0xef, 0xff, 0xff, 0xff, 0xff, 0xff, 0xff, 0xff, 0xff, 0xff, 0xf9,
        0x5d, 0xff, 0xff, 0xff, 0xff, 0xff, 0xff, 0xff, 0xff, 0xff, 0xff, 0x86, 0x66, 0x66, 0x6d, 0xff, 0xff, 0xff, 0xff, 0xff,
        0xff, 0xff, 0xff, 0xff, 0xff, 0xe7, 0x66, 0x66, 0x67, 0xef, 0xff, 0xff, 0xff, 0xff, 0xff, 0xff, 0xff, 0xff, 0xff, 0xf9,
        0x5d, 0xff, 0xff, 0xff, 0xff, 0xff, 0xff, 0xff, 0xff, 0xff, 0xff, 0x86, 0x66, 0x66, 0x6d, 0xff, 0xff, 0xff, 0xff, 0xff,
        0xff, 0xff, 0xff, 0xff, 0xff, 0xe7, 0x66, 0x66, 0x67, 0xef, 0xff, 0xff, 0xff, 0xff, 0xff, 0xff, 0xff, 0xff, 0xff, 0xf9,
        0x5d, 0xff, 0xff, 0xff, 0xff, 0xff, 0xff, 0xff, 0xff, 0xff, 0xff, 0x86, 0x66, 0x66, 0x6d, 0xff, 0xff, 0xff, 0xff, 0xff,
        0xff, 0xff, 0xff, 0xff, 0xff, 0xe7, 0x66, 0x66, 0x67, 0xef, 0xff, 0xff, 0xff, 0xff, 0xff, 0xff, 0xff, 0xff, 0xff, 0xf9,
        0x5d, 0xff, 0xff, 0xff, 0xff, 0xff, 0xff, 0xff, 0xff, 0xff, 0xff, 0x86, 0x66, 0x66, 0x6d, 0xff, 0xff, 0xff, 0xff, 0xff,
        0xff, 0xff, 0xff, 0xff, 0xff, 0xe7, 0x66, 0x66, 0x67, 0xef, 0xff, 0xff, 0xff, 0xff, 0xff, 0xff, 0xff, 0xff, 0xff, 0xf9,
        0x5d, 0xff, 0xff, 0xff, 0xff, 0xff, 0xff, 0xff, 0xff, 0xff, 0xff, 0x86, 0x66, 0x66, 0x6d, 0xff, 0xff, 0xff, 0xff, 0xff,
        0xff, 0xff, 0xff, 0xff, 0xff, 0xe7, 0x66, 0x66, 0x67, 0xef, 0xff, 0xff, 0xff, 0xff, 0xff, 0xff, 0xff, 0xff, 0xff, 0xf9,
        0x5d, 0xff, 0xff, 0xff, 0xff, 0xff, 0xff, 0xff, 0xff, 0xff, 0xff, 0x86, 0x66, 0x66, 0x6d, 0xff, 0xff, 0xff, 0xff, 0xff,
        0xff, 0xff, 0xff, 0xff, 0xff, 0xe7, 0x66, 0x66, 0x67, 0xef, 0xff, 0xff, 0xff, 0xff, 0xff, 0xff, 0xff, 0xff, 0xff, 0xf9,
        0x5d, 0xff, 0xff, 0xff, 0xff, 0xff, 0xff, 0xff, 0xff, 0xff, 0xff, 0x86, 0x66, 0x66, 0x6d, 0xff, 0xff, 0xff, 0xff, 0xff,
        0xff, 0xff, 0xff, 0xff, 0xff, 0xe7, 0x66, 0x66, 0x67, 0xef, 0xff, 0xff, 0xff, 0xff, 0xff, 0xff, 0xff, 0xff, 0xff, 0xf9,
        0x5d, 0xff, 0xff, 0xff, 0xff, 0xff, 0xff, 0xff, 0xff, 0xff, 0xff, 0x86, 0x66, 0x66, 0x6d, 0xff, 0xff, 0xff, 0xff, 0xff,
        0xff, 0xff, 0xff, 0xff, 0xff, 0xe7, 0x66, 0x66, 0x67, 0xef, 0xff, 0xff, 0xff, 0xff, 0xff, 0xff, 0xff, 0xff, 0xff, 0xf9,
        0x5d, 0xff, 0xff, 0xff, 0xff, 0xff, 0xff, 0xff, 0xff, 0xff, 0xff, 0x86, 0x66, 0x66, 0x6d, 0xff, 0xff, 0xff, 0xff, 0xff,
        0xff, 0xff, 0xff, 0xff, 0xff, 0xe7, 0x66, 0x66, 0x67, 0xef, 0xff, 0xff, 0xff, 0xff, 0xff, 0xff, 0xff, 0xff, 0xff, 0xf9,
        0x5d, 0xff, 0xff, 0xff, 0xff, 0xff, 0xff, 0xff, 0xff, 0xff, 0xff, 0x86, 0x66, 0x66, 0x6d, 0xff, 0xff, 0xff, 0xff, 0xff,
        0xff, 0xff, 0xff, 0xff, 0xff, 0xe7, 0x66, 0x66, 0x67, 0xef, 0xff, 0xff, 0xff, 0xff, 0xff, 0xff, 0xff, 0xff, 0xff, 0xf9,
        0x5d, 0xff, 0xff, 0xff, 0xff, 0xff, 0xff, 0xff, 0xff, 0xff, 0xff, 0x86, 0x66, 0x66, 0x6d, 0xff, 0xff, 0xff, 0xff, 0xff,
        0xff, 0xff, 0xff, 0xff, 0xff, 0xe7, 0x66, 0x66, 0x67, 0xef, 0xff, 0xff, 0xff, 0xff, 0xff, 0xff, 0xff, 0xff, 0xff, 0xf9,
        0x5d, 0xff, 0xff, 0xff, 0xff, 0xff, 0xff, 0xff, 0xff, 0xff, 0xff, 0x86, 0x66, 0x66, 0x6d, 0xff, 0xff, 0xff, 0xff, 0xff,
        0xff, 0xff, 0xff, 0xff, 0xff, 0xe7, 0x66, 0x66, 0x67, 0xef, 0xff, 0xff, 0xff, 0xff, 0xff, 0xff, 0xff, 0xff, 0xff, 0xf9,
        0x5d, 0xff, 0xff, 0xff, 0xff, 0xff, 0xff, 0xff, 0xff, 0xff, 0xff, 0x86, 0x66, 0x66, 0x6d, 0xff, 0xff, 0xff, 0xff, 0xff,
        0xff, 0xff, 0xff, 0xff, 0xff, 0xe7, 0x66, 0x66, 0x67, 0xef, 0xff, 0xff, 0xff, 0xff, 0xff, 0xff, 0xff, 0xff, 0xff, 0xf9,
        0x5d, 0xff, 0xff, 0xff, 0xff, 0xff, 0xff, 0xff, 0xff, 0xff, 0xff, 0x86, 0x66, 0x66, 0x6d, 0xff, 0xff, 0xff, 0xff, 0xff,
        0xff, 0xff, 0xff, 0xff, 0xff, 0xe7, 0x66, 0x66, 0x67, 0xef, 0xff, 0xff, 0xff, 0xff, 0xff, 0xff, 0xff, 0xff, 0xff, 0xf9,
        0x5d, 0xff, 0xff, 0xff, 0xff, 0xff, 0xff, 0xff, 0xff, 0xff, 0xff, 0x86, 0x66, 0x66, 0x6d, 0xff, 0xff, 0xff, 0xff, 0xff,
        0xff, 0xff, 0xff, 0xff, 0xff, 0xe7, 0x66, 0x66, 0x67, 0xef, 0xff, 0xff, 0xff, 0xff, 0xff, 0xff, 0xff, 0xff, 0xff, 0xf9,
        0x5d, 0xff, 0xff, 0xff, 0xff, 0xff, 0xff, 0xff, 0xff, 0xff, 0xff, 0x86, 0x66, 0x66, 0x6d, 0xff, 0xff, 0xff, 0xff, 0xff,
        0xff, 0xff, 0xff, 0xff, 0xff, 0xe7, 0x66, 0x66, 0x67, 0xef, 0xff, 0xff, 0xff, 0xff, 0xff, 0xff, 0xff, 0xff, 0xff, 0xf9,
        0x5d, 0xff, 0xff, 0xff, 0xff, 0xff, 0xff, 0xff, 0xff, 0xff, 0xff, 0x86, 0x66, 0x66, 0x6d, 0xff, 0xff, 0xff, 0xff, 0xff,
        0xff, 0xff, 0xff, 0xff, 0xff, 0xe7, 0x66, 0x66, 0x67, 0xef, 0xff, 0xff, 0xff, 0xff, 0xff, 0xff, 0xff, 0xff, 0xff, 0xf9,
        0x5d, 0xff, 0xff, 0xff, 0xff, 0xff, 0xff, 0xff, 0xff, 0xff, 0xff, 0x86, 0x66, 0x66, 0x6d, 0xff, 0xff, 0xff, 0xff, 0xff,
        0xff, 0xff, 0xff, 0xff, 0xff, 0xe7, 0x66, 0x66, 0x67, 0xef, 0xff, 0xff, 0xff, 0xed, 0xcb, 0xa8, 0xbf, 0xff, 0xff, 0xf9,
        0x5d, 0xff, 0xff, 0xfc, 0x89, 0xac, 0xde, 0xff, 0xff, 0xff, 0xff, 0x86, 0x66, 0x66, 0x6d, 0xff, 0xff, 0xff, 0xff, 0xff,
        0xff, 0xff, 0xff, 0xff, 0xff, 0xe7, 0x66, 0x66, 0x67, 0xee, 0xdc, 0xba, 0x87, 0x76, 0x66, 0x66, 0x69, 0xef, 0xff, 0xf9,
        0x5d, 0xff, 0xff, 0xa6, 0x66, 0x66, 0x67, 0x78, 0x9a, 0xcd, 0xef, 0x86, 0x66, 0x66, 0x6d, 0xff, 0xff, 0xff, 0xff, 0xff,
        0xff, 0xff, 0xff, 0xff, 0xff, 0xe7, 0x66, 0x66, 0x66, 0x77, 0x66, 0x66, 0x66, 0x66, 0x66, 0x66, 0x66, 0x7d, 0xff, 0xf9,
        0x5d, 0xff, 0xe8, 0x66, 0x66, 0x66, 0x66, 0x66, 0x66, 0x66, 0x67, 0x76, 0x66, 0x66, 0x6d, 0xff, 0xff, 0xff, 0xff, 0xff,
        0xff, 0xff, 0xff, 0xff, 0xff, 0xf7, 0x66, 0x66, 0x66, 0x66, 0x66, 0x66, 0x66, 0x66, 0x66, 0x66, 0x66, 0x66, 0xbf, 0xf8,
        0x5d, 0xfc, 0x76, 0x66, 0x66, 0x66, 0x66, 0x66, 0x66, 0x66, 0x66, 0x66, 0x66, 0x66, 0x6d, 0xff, 0xff, 0xff, 0xff, 0xff,
        0xff, 0xff, 0xff, 0xff, 0xff, 0xf9, 0x66, 0x66, 0x66, 0x66, 0x66, 0x66, 0x66, 0x66, 0x66, 0x66, 0x66, 0x66, 0x69, 0xee,
        0xde, 0xa6, 0x66, 0x66, 0x66, 0x66, 0x66, 0x66, 0x66, 0x66, 0x66, 0x66, 0x66, 0x66, 0x7f, 0xff, 0xff, 0xff, 0xff, 0xff,
        0xff, 0xff, 0xff, 0xff, 0xff, 0xfb, 0x66, 0x66, 0x66, 0x66, 0x66, 0x66, 0x66, 0x66, 0x66, 0x66, 0x66, 0x66, 0x66, 0x7d,
        0xe8, 0x66, 0x66, 0x66, 0x66, 0x66, 0x66, 0x66, 0x66, 0x66, 0x66, 0x66, 0x66, 0x66, 0x8f, 0xff, 0xff, 0xff, 0xff, 0xff,
        0xff, 0xff, 0xff, 0xff, 0xff, 0xfd, 0x66, 0x66, 0x66, 0x66, 0x66, 0x66, 0x66, 0x66, 0x66, 0x66, 0x66, 0x66, 0x66, 0x66,
        0x76, 0x66, 0x66, 0x66, 0x66, 0x66, 0x66, 0x66, 0x66, 0x66, 0x66, 0x66, 0x66, 0x66, 0xbf, 0xff, 0xff, 0xff, 0xff, 0xff,
        0xff, 0xff, 0xff, 0xff, 0xff, 0xff, 0x86, 0x66, 0x66, 0x66, 0x66, 0x66, 0x66, 0x66, 0x66, 0x66, 0x66, 0x66, 0x66, 0x66,
        0x66, 0x66, 0x66, 0x66, 0x66, 0x66, 0x66, 0x66, 0x66, 0x66, 0x66, 0x66, 0x66, 0x67, 0xef, 0xff, 0xff, 0xff, 0xff, 0xff,
        0xff, 0xff, 0xff, 0xff, 0xff, 0xff, 0xd6, 0x66, 0x66, 0x66, 0x66, 0x66, 0x66, 0x66, 0x66, 0x66, 0x66, 0x66, 0x66, 0x66,
        0x66, 0x66, 0x66, 0x66, 0x66, 0x66, 0x66, 0x66, 0x66, 0x66, 0x66, 0x66, 0x66, 0x6b, 0xff, 0xff, 0xff, 0xff, 0xff, 0xff,
        0xff, 0xff, 0xff, 0xff, 0xff, 0xff, 0xfb, 0x56, 0x66, 0x66, 0x66, 0x66, 0x66, 0x66, 0x66, 0x66, 0x66, 0x66, 0x66, 0x66,
        0x66, 0x66, 0x66, 0x66, 0x66, 0x66, 0x66, 0x66, 0x66, 0x66, 0x66, 0x66, 0x75, 0x9f, 0xff, 0xff, 0xff, 0xff, 0xff, 0xff,
        0xff, 0xff, 0xff, 0xff, 0xff, 0xff, 0xff, 0xa5, 0x66, 0x66, 0x66, 0x66, 0x66, 0x66, 0x66, 0x66, 0x66, 0x66, 0x66, 0x66,
        0x66, 0x66, 0x66, 0x66, 0x66, 0x66, 0x66, 0x66, 0x66, 0x66, 0x66, 0x66, 0x58, 0xef, 0xff, 0xff, 0xff, 0xff, 0xff, 0xff,
        0xff, 0xff, 0xff, 0xff, 0xff, 0xff, 0xff, 0xfb, 0x66, 0x66, 0x66, 0x66, 0x66, 0x66, 0x66, 0x66, 0x66, 0x66, 0x66, 0x66,
        0x66, 0x66, 0x66, 0x66, 0x66, 0x66, 0x66, 0x66, 0x66, 0x66, 0x66, 0x66, 0x9e, 0xff, 0xff, 0xff, 0xff, 0xff, 0xff, 0xff,
        0xff, 0xff, 0xff, 0xff, 0xff, 0xff, 0xff, 0xff, 0xd8, 0x66, 0x66, 0x66, 0x66, 0x66, 0x66, 0x66, 0x66, 0x66, 0x66, 0x66,
        0x66, 0x66, 0x66, 0x66, 0x66, 0x66, 0x66, 0x66, 0x66, 0x66, 0x66, 0x7b, 0xff, 0xff, 0xff, 0xff, 0xff, 0xff, 0xff, 0xff,
        0xff, 0xff, 0xff, 0xff, 0xff, 0xff, 0xff, 0xff, 0xff, 0xc9, 0x76, 0x66, 0x66, 0x66, 0x66, 0x66, 0x66, 0x66, 0x66, 0x66,
        0x66, 0x66, 0x66, 0x66, 0x66, 0x66, 0x66, 0x66, 0x66, 0x67, 0x8b, 0xef, 0xff, 0xff, 0xff, 0xff, 0xff, 0xff, 0xff, 0xff,
        0xff, 0xff, 0xff, 0xff, 0xff, 0xff, 0xff, 0xff, 0xff, 0xff, 0xfe, 0xdd, 0xdd, 0xdd, 0xdd, 0xdd, 0xdd, 0xdd, 0xdd, 0xdd,
        0xdd, 0xdd, 0xdd, 0xdd, 0xdd, 0xdd, 0xdd, 0xdd, 0xdd, 0xde, 0xff, 0xff, 0xff, 0xff, 0xff, 0xff, 0xff, 0xff, 0xff, 0xff,
        0xff, 0xff, 0xff, 0xff, 0xff, 0xff, 0xff, 0xff, 0xff, 0xff, 0xff, 0xff, 0xff, 0xff, 0xff, 0xff, 0xff, 0xff, 0xff, 0xff,
        0xff, 0xff, 0xff, 0xff, 0xff, 0xff, 0xff, 0xff, 0xff, 0xff, 0xff, 0xff, 0xff, 0xff, 0xff, 0xff, 0xff, 0xff, 0xff, 0xff,
        0xff, 0xff, 0xff, 0xff, 0xff, 0xff, 0xff, 0xff, 0xff, 0xff, 0xff, 0xff, 0xff, 0xff, 0xff, 0xff, 0xff, 0xff, 0xff, 0xff,
        0xff, 0xff, 0xff, 0xff, 0xff, 0xff, 0xff, 0xff, 0xff, 0xff, 0xff, 0xff, 0xff, 0xff, 0xff, 0xff, 0xff, 0xff, 0xff, 0xff,
        0xff, 0xff, 0xff, 0xff, 0xff, 0xff, 0xff, 0xff, 0xff, 0xff, 0xff, 0xff, 0xff, 0xff, 0xff, 0xff, 0xff, 0xff, 0xff, 0xff,
        0xff, 0xff, 0xff, 0xff, 0xff, 0xff, 0xff, 0xff, 0xff, 0xff, 0xff, 0xff, 0xff, 0xff, 0xff, 0xff, 0xff, 0xff, 0xff, 0xff,
        0xff, 0xff, 0xff, 0xff, 0xff, 0xff, 0xff, 0xff, 0xff, 0xff, 0xff, 0xff, 0xff, 0xff, 0xff, 0xff, 0xff, 0xff, 0xff, 0xff,
        0xff, 0xff, 0xff, 0xff, 0xff, 0xff, 0xff, 0xff, 0xff, 0xff, 0xff, 0xff, 0xff, 0xff, 0xff, 0xff, 0xff, 0xff, 0xff, 0xff,
        0xff, 0xff, 0xff, 0xff, 0xff, 0xff, 0xff, 0xff, 0xff, 0xff, 0xff, 0xff, 0xff, 0xff, 0xff, 0xff, 0xff, 0xff, 0xff, 0xff,
        0xff, 0xff, 0xff, 0xff, 0xff, 0xff, 0xff, 0xff, 0xff, 0xff, 0xff, 0xff, 0xff, 0xff, 0xff, 0xff, 0xff, 0xff, 0xff, 0xff,
        0xff, 0xff, 0xff, 0xff, 0xff, 0xff, 0xff, 0xff, 0xff, 0xff, 0xff, 0xff, 0xff, 0xff, 0xff, 0xff, 0xff, 0xff, 0xff, 0xff,
        0xff, 0xff, 0xff, 0xff, 0xff, 0xff, 0xff, 0xff, 0xff, 0xff, 0xff, 0xff, 0xff, 0xff, 0xff, 0xff, 0xff, 0xff, 0xff, 0xff,
        0xff, 0xff, 0xff, 0xff, 0xff, 0xff, 0xff, 0xff, 0xff, 0xff, 0xff, 0xff, 0xff, 0xff, 0xff, 0xff, 0xff, 0xff, 0xff, 0xff,
        0xff, 0xff, 0xff, 0xff, 0xff, 0xff, 0xff, 0xff, 0xff, 0xff, 0xff, 0xff, 0xff, 0xff, 0xff, 0xff, 0xff, 0xff, 0xff, 0xff,
        0xff, 0xff, 0xff, 0xff, 0xff, 0xff, 0xff, 0xff, 0xff, 0xff, 0xff, 0xff, 0xff, 0xff, 0xff, 0xff, 0xff, 0xff, 0xff, 0xff,
        0xff, 0xff, 0xff, 0xff, 0xff, 0xff, 0xff, 0xff, 0xff, 0xff, 0xff, 0xff, 0xff, 0xff, 0xff, 0xff, 0xff, 0xff, 0xff, 0xff,
        0xff, 0xff, 0xff, 0xff, 0xff, 0xff, 0xff, 0xff, 0xff, 0xff, 0xff, 0xff, 0xff, 0xff, 0xff, 0xff, 0xff, 0xff, 0xff, 0xff,
        0xff, 0xff, 0xff, 0xff, 0xff, 0xff, 0xff, 0xff, 0xff, 0xff, 0xff, 0xff, 0xff, 0xff, 0xff, 0xff, 0xff, 0xff, 0xff, 0xff,
        0xff, 0xff, 0xff, 0xff, 0xff, 0xff, 0xff, 0xff, 0xff, 0xff, 0xff, 0xff, 0xff, 0xff, 0xff, 0xff, 0xff, 0xff, 0xff, 0xff,
        0xff, 0xff, 0xff, 0xff, 0xff, 0xff, 0xff, 0xff, 0xff, 0xff, 0xff, 0xff, 0xff, 0xff, 0xff, 0xff, 0xff, 0xff, 0xff, 0xff,
        0xff, 0xff, 0xff, 0xff, 0xff, 0xff, 0xff, 0xff, 0xff, 0xff, 0xff, 0xff, 0xff, 0xff, 0xff, 0xff, 0xff, 0xff, 0xff, 0xff,
        0xff, 0xff, 0xff, 0xff, 0xff, 0xff, 0xff, 0xff, 0xff, 0xff, 0xff, 0xff, 0xff, 0xff, 0xff, 0xff, 0xff, 0xff, 0xff, 0xff,
        0xff, 0xff, 0xff, 0xff, 0xff, 0xff, 0xff, 0xff, 0xff, 0xff, 0xff, 0xff, 0xff, 0xff, 0xff, 0xff, 0xff, 0xff, 0xff, 0xff,
        0xff, 0xff, 0xff, 0xff, 0xff, 0xff, 0xff, 0xff, 0xff, 0xff, 0xff, 0xff, 0xff, 0xff, 0xff, 0xff, 0xff, 0xff, 0xff, 0xff,
    },
};
#define PICO_SETTING_ICON_SIZE 32
static const uint8_t pico_setting_icons[7][PICO_SETTING_ICON_SIZE * PICO_SETTING_ICON_SIZE / 2] = {
    {
        0xff, 0xff, 0xff, 0xff, 0xff, 0xff, 0xff, 0xff, 0xff, 0xff, 0xff, 0xff, 0xff, 0xff, 0xff, 0xff, 0xff, 0xff, 0xff, 0xff,
        0xff, 0xff, 0xff, 0xff, 0xff, 0xff, 0xff, 0xff, 0xff, 0xff, 0xff, 0xff, 0xff, 0xff, 0xff, 0xff, 0xff, 0xff, 0xff, 0xff,
        0xff, 0xff, 0xff, 0xff, 0xff, 0xff, 0xff, 0xff, 0xff, 0xff, 0xff, 0xff, 0xff, 0xff, 0xfd, 0xcb, 0xbb, 0xdf, 0xff, 0xff,
        0xff, 0xff, 0xff, 0xff, 0xff, 0xff, 0xff, 0xff, 0xff, 0xea, 0x76, 0x66, 0x66, 0x67, 0xae, 0xff, 0xff, 0xff, 0xff, 0xff,
        0xff, 0xff, 0xff, 0xff, 0xfb, 0x76, 0x66, 0x66, 0x66, 0x66, 0x67, 0xbf, 0xff, 0xff, 0xff, 0xff, 0xff, 0xff, 0xff, 0xfe,
        0x86, 0x66, 0x67, 0x9a, 0xa9, 0x76, 0x66, 0x68, 0xdf, 0xff, 0xff, 0xff, 0xff, 0xff, 0xff, 0xd7, 0x66, 0x68, 0xce, 0xff,
        0xff, 0xec, 0x86, 0x66, 0x7d, 0xff, 0xff, 0xff, 0xff, 0xff, 0xfe, 0x76, 0x66, 0xaf, 0xff, 0xff, 0xff, 0xff, 0xfb, 0x66,
        0x66, 0xdf, 0xff, 0xff, 0xff, 0xff, 0xd7, 0x66, 0x7c, 0xff, 0xfe, 0xcb, 0xbc, 0xef, 0xff, 0xd7, 0x66, 0x7d, 0xff, 0xff,
        0xff, 0xfe, 0x76, 0x67, 0xdf, 0xfe, 0xa7, 0x66, 0x66, 0x7a, 0xef, 0xfe, 0x86, 0x66, 0xdf, 0xff, 0xff, 0xf8, 0x66, 0x7e,
        0xff, 0xd7, 0x66, 0x66, 0x66, 0x66, 0x7c, 0xff, 0xe7, 0x66, 0x7e, 0xff, 0xff, 0xa6, 0x66, 0xcf, 0xfc, 0x76, 0x66, 0x89,
        0x98, 0x66, 0x66, 0xbf, 0xfd, 0x76, 0x69, 0xff, 0xfc, 0x67, 0x6c, 0xff, 0xc6, 0x66, 0x7c, 0xff, 0xff, 0xd8, 0x66, 0x6b,
        0xff, 0xd6, 0x76, 0xbf, 0xfb, 0x66, 0xaf, 0xfc, 0x66, 0x68, 0xef, 0xff, 0xff, 0xff, 0x96, 0x76, 0xbf, 0xfb, 0x66, 0xaf,
        0xff, 0xba, 0xff, 0xe7, 0x66, 0x8f, 0xff, 0xdb, 0xbd, 0xff, 0xf9, 0x67, 0x6d, 0xff, 0xba, 0xff, 0xff, 0xff, 0xff, 0x86,
        0x67, 0xef, 0xfb, 0x66, 0x66, 0xaf, 0xfe, 0x76, 0x68, 0xff, 0xff, 0xff, 0xff, 0xff, 0xfc, 0x67, 0x6b, 0xff, 0xb6, 0x66,
        0x66, 0x6a, 0xff, 0xd6, 0x76, 0xbf, 0xff, 0xff, 0xff, 0xff, 0xfb, 0x66, 0x9f, 0xfc, 0x66, 0x68, 0x96, 0x76, 0xcf, 0xfa,
        0x66, 0xaf, 0xff, 0xff, 0xff, 0xff, 0xff, 0xba, 0xff, 0xf7, 0x66, 0x8f, 0xf8, 0x66, 0x7e, 0xff, 0xba, 0xff, 0xff, 0xff,
        0xff, 0xff, 0xff, 0xff, 0xff, 0xc6, 0x67, 0xef, 0xfe, 0x76, 0x6b, 0xff, 0xff, 0xff, 0xff, 0xff, 0xff, 0xff, 0xff, 0xff,
        0xff, 0xb6, 0x6a, 0xff, 0xff, 0xb6, 0x6a, 0xff, 0xff, 0xff, 0xff, 0xff, 0xff, 0xff, 0xff, 0xff, 0xff, 0xfb, 0xaf, 0xff,
        0xff, 0xfb, 0xaf, 0xff, 0xff, 0xff, 0xff, 0xff, 0xff, 0xff, 0xff, 0xff, 0xff, 0xff, 0xff, 0xff, 0xff, 0xff, 0xff, 0xff,
        0xff, 0xff, 0xff, 0xff, 0xff, 0xff, 0xff, 0xff, 0xff, 0xff, 0xff, 0xfb, 0xbe, 0xff, 0xff, 0xff, 0xff, 0xff, 0xff, 0xff,
        0xff, 0xff, 0xff, 0xff, 0xff, 0xff, 0xff, 0x86, 0x67, 0xef, 0xff, 0xff, 0xff, 0xff, 0xff, 0xff, 0xff, 0xff, 0xff, 0xff,
        0xff, 0xff, 0xfc, 0x67, 0x76, 0xbf, 0xff, 0xff, 0xff, 0xff, 0xff, 0xff, 0xff, 0xff, 0xff, 0xff, 0xff, 0xff, 0xfc, 0x66,
        0x76, 0xbf, 0xff, 0xff, 0xff, 0xff, 0xff, 0xff, 0xff, 0xff, 0xff, 0xff, 0xff, 0xff, 0xff, 0x96, 0x68, 0xef, 0xff, 0xff,
        0xff, 0xff, 0xff, 0xff, 0xff, 0xff, 0xff, 0xff, 0xff, 0xff, 0xff, 0xfc, 0xcf, 0xff, 0xff, 0xff, 0xff, 0xff, 0xff, 0xff,
        0xff, 0xff, 0xff, 0xff, 0xff, 0xff, 0xff, 0xff, 0xff, 0xff, 0xff, 0xff, 0xff, 0xff, 0xff, 0xff, 0xff, 0xff, 0xff, 0xff,
        0xff, 0xff, 0xff, 0xff, 0xff, 0xff, 0xff, 0xff, 0xff, 0xff, 0xff, 0xff,
    },
    {
        0xff, 0xff, 0xff, 0xff, 0xff, 0xff, 0xff, 0xff, 0xff, 0xff, 0xff, 0xff, 0xff, 0xff, 0xff, 0xff, 0xff, 0xff, 0xff, 0xff,
        0xff, 0xff, 0xff, 0xff, 0xff, 0xff, 0xff, 0xff, 0xff, 0xff, 0xff, 0xff, 0xff, 0xff, 0xff, 0xff, 0xff, 0xff, 0xff, 0xeb,
        0xbf, 0xff, 0xff, 0xff, 0xff, 0xff, 0xff, 0xff, 0xff, 0xff, 0xff, 0xff, 0xff, 0xff, 0xfd, 0x76, 0x6b, 0xff, 0xff, 0xff,
        0xff, 0xff, 0xff, 0xff, 0xff, 0xff, 0xff, 0xff, 0xff, 0xff, 0xfd, 0x66, 0x66, 0xaf, 0xff, 0xff, 0xff, 0xff, 0xff, 0xff,
        0xff, 0xff, 0xff, 0xff, 0xff, 0xff, 0xfd, 0x66, 0x66, 0x69, 0xff, 0xff, 0xff, 0xff, 0xff, 0xff, 0xff, 0xff, 0xff, 0xff,
        0xff, 0xff, 0xfd, 0x66, 0x98, 0x66, 0x8e, 0xff, 0xff, 0xff, 0xff, 0xff, 0xff, 0xff, 0xff, 0xff, 0xff, 0xff, 0xfd, 0x66,
        0xbe, 0x86, 0x68, 0xef, 0xff, 0xff, 0xff, 0xff, 0xff, 0xff, 0xff, 0xff, 0x99, 0xff, 0xfd, 0x66, 0xaf, 0xe8, 0x66, 0x7d,
        0xff, 0xff, 0xff, 0xff, 0xff, 0xff, 0xff, 0xfb, 0x66, 0x8e, 0xfd, 0x66, 0xbf, 0xff, 0x96, 0x67, 0xdf, 0xff, 0xff, 0xff,
        0xff, 0xff, 0xff, 0xfc, 0x76, 0x67, 0xcd, 0x66, 0xbf, 0xff, 0xfa, 0x66, 0x6d, 0xff, 0xff, 0xff, 0xff, 0xff, 0xff, 0xff,
        0xe8, 0x66, 0x68, 0x66, 0xbf, 0xff, 0xe9, 0x66, 0x6c, 0xff, 0xff, 0xff, 0xff, 0xff, 0xff, 0xff, 0xff, 0xa6, 0x66, 0x66,
        0xbf, 0xfd, 0x76, 0x66, 0xbf, 0xff, 0xff, 0xff, 0xff, 0xff, 0xff, 0xff, 0xff, 0xfc, 0x76, 0x66, 0xaf, 0xb6, 0x66, 0x8d,
        0xff, 0xff, 0xff, 0xff, 0xff, 0xff, 0xff, 0xff, 0xff, 0xff, 0xe8, 0x66, 0x68, 0x66, 0x69, 0xef, 0xff, 0xff, 0xff, 0xff,
        0xff, 0xff, 0xff, 0xff, 0xff, 0xff, 0xfd, 0x66, 0x66, 0x67, 0xcf, 0xff, 0xff, 0xff, 0xff, 0xff, 0xff, 0xff, 0xff, 0xff,
        0xff, 0xff, 0xfd, 0x66, 0x66, 0x67, 0xcf, 0xff, 0xff, 0xff, 0xff, 0xff, 0xff, 0xff, 0xff, 0xff, 0xff, 0xff, 0xe9, 0x66,
        0x67, 0x66, 0x6a, 0xff, 0xff, 0xff, 0xff, 0xff, 0xff, 0xff, 0xff, 0xff, 0xff, 0xfd, 0x76, 0x66, 0xae, 0xa6, 0x66, 0x8e,
        0xff, 0xff, 0xff, 0xff, 0xff, 0xff, 0xff, 0xff, 0xff, 0xb6, 0x66, 0x66, 0xbf, 0xfc, 0x76, 0x67, 0xcf, 0xff, 0xff, 0xff,
        0xff, 0xff, 0xff, 0xff, 0xe9, 0x66, 0x68, 0x66, 0xbf, 0xff, 0xe9, 0x66, 0x6d, 0xff, 0xff, 0xff, 0xff, 0xff, 0xff, 0xfc,
        0x76, 0x66, 0xcd, 0x66, 0xbf, 0xff, 0xfc, 0x67, 0x6c, 0xff, 0xff, 0xff, 0xff, 0xff, 0xff, 0xfc, 0x66, 0x8d, 0xfd, 0x66,
        0xbf, 0xff, 0xb6, 0x66, 0xbf, 0xff, 0xff, 0xff, 0xff, 0xff, 0xff, 0xff, 0xa9, 0xef, 0xfd, 0x66, 0xbf, 0xfa, 0x66, 0x6b,
        0xff, 0xff, 0xff, 0xff, 0xff, 0xff, 0xff, 0xff, 0xff, 0xff, 0xfd, 0x66, 0xbf, 0x96, 0x67, 0xcf, 0xff, 0xff, 0xff, 0xff,
        0xff, 0xff, 0xff, 0xff, 0xff, 0xff, 0xfd, 0x66, 0xa9, 0x66, 0x7d, 0xff, 0xff, 0xff, 0xff, 0xff, 0xff, 0xff, 0xff, 0xff,
        0xff, 0xff, 0xfd, 0x66, 0x66, 0x68, 0xef, 0xff, 0xff, 0xff, 0xff, 0xff, 0xff, 0xff, 0xff, 0xff, 0xff, 0xff, 0xfd, 0x66,
        0x66, 0x8e, 0xff, 0xff, 0xff, 0xff, 0xff, 0xff, 0xff, 0xff, 0xff, 0xff, 0xff, 0xff, 0xfd, 0x66, 0x69, 0xff, 0xff, 0xff,
        0xff, 0xff, 0xff, 0xff, 0xff, 0xff, 0xff, 0xff, 0xff, 0xff, 0xff, 0xe9, 0x9f, 0xff, 0xff, 0xff, 0xff, 0xff, 0xff, 0xff,
        0xff, 0xff, 0xff, 0xff, 0xff, 0xff, 0xff, 0xff, 0xff, 0xff, 0xff, 0xff, 0xff, 0xff, 0xff, 0xff, 0xff, 0xff, 0xff, 0xff,
        0xff, 0xff, 0xff, 0xff, 0xff, 0xff, 0xff, 0xff, 0xff, 0xff, 0xff, 0xff,
    },
    {
        0xff, 0xff, 0xff, 0xff, 0xff, 0xff, 0xff, 0xff, 0xff, 0xff, 0xff, 0xff, 0xff, 0xff, 0xff, 0xff, 0xff, 0xff, 0xff, 0xff,
        0xff, 0xff, 0xff, 0xff, 0xff, 0xff, 0xff, 0xff, 0xff, 0xff, 0xff, 0xff, 0xff, 0xff, 0xff, 0xee, 0xee, 0xee, 0xee, 0xee,
        0xee, 0xee, 0xee, 0xef, 0xff, 0xff, 0xff, 0xff, 0xff, 0xff, 0xd8, 0x77, 0x77, 0x77, 0x77, 0x77, 0x77, 0x77, 0x77, 0x77,
        0xcf, 0xff, 0xff, 0xff, 0xff, 0xff, 0x76, 0x66, 0x66, 0x66, 0x66, 0x66, 0x66, 0x66, 0x66, 0x66, 0x7e, 0xff, 0xff, 0xff,
        0xff, 0xfe, 0x76, 0x8a, 0xaa, 0xaa, 0xaa, 0xaa, 0xaa, 0xaa, 0xaa, 0x86, 0x6e, 0xff, 0xff, 0xff, 0xff, 0xfe, 0x76, 0xaf,
        0xff, 0xff, 0xff, 0xff, 0xff, 0xff, 0xff, 0xb6, 0x6e, 0xff, 0xff, 0xff, 0xff, 0xfe, 0x76, 0xaf, 0xfe, 0xee, 0xee, 0xee,
        0xee, 0xef, 0xff, 0xb6, 0x6e, 0xff, 0xff, 0xff, 0xff, 0xfe, 0x76, 0xaf, 0xe7, 0x77, 0x77, 0x77, 0x77, 0x7e, 0xff, 0xb6,
        0x6e, 0xff, 0xff, 0xff, 0xff, 0xfe, 0x76, 0xaf, 0xe7, 0x66, 0x66, 0x66, 0x66, 0x6e, 0xff, 0xb6, 0x68, 0xdf, 0xff, 0xff,
        0xff, 0xfe, 0x76, 0xaf, 0xfe, 0xee, 0xee, 0xee, 0xee, 0xef, 0xff, 0xb6, 0x66, 0x6a, 0xef, 0xff, 0xff, 0xfe, 0x76, 0xaf,
        0xff, 0xff, 0xff, 0xff, 0xff, 0xff, 0xff, 0xb6, 0x66, 0x66, 0xcf, 0xff, 0xff, 0xfe, 0x76, 0xaf, 0xff, 0xff, 0xff, 0xff,
        0xff, 0xff, 0xff, 0xb6, 0x66, 0x69, 0xff, 0xff, 0xff, 0xfe, 0x76, 0xaf, 0xfe, 0xee, 0xee, 0xee, 0xff, 0xff, 0xff, 0xa6,
        0x66, 0x7e, 0xff, 0xff, 0xff, 0xfe, 0x76, 0xaf, 0xe7, 0x77, 0x77, 0x77, 0xef, 0xff, 0xfd, 0x66, 0x66, 0xbf, 0xff, 0xff,
        0xff, 0xfe, 0x76, 0xaf, 0xe7, 0x66, 0x66, 0x66, 0xef, 0xff, 0xf7, 0x66, 0x69, 0xff, 0xff, 0xff, 0xff, 0xfe, 0x76, 0xaf,
        0xfe, 0xee, 0xee, 0xee, 0xff, 0xff, 0xa6, 0x66, 0x6d, 0xff, 0xff, 0xff, 0xff, 0xfe, 0x76, 0xaf, 0xff, 0xff, 0xff, 0xff,
        0xff, 0xfd, 0x66, 0x66, 0x6e, 0xff, 0xff, 0xff, 0xff, 0xfe, 0x76, 0xaf, 0xff, 0xff, 0xff, 0xff, 0xff, 0xf7, 0x66, 0x66,
        0x6e, 0xff, 0xff, 0xff, 0xff, 0xfe, 0x76, 0xaf, 0xfe, 0xee, 0xef, 0xff, 0xff, 0xa6, 0x66, 0x66, 0x6e, 0xff, 0xff, 0xff,
        0xff, 0xfe, 0x76, 0xaf, 0xe7, 0x77, 0x7e, 0xff, 0xfd, 0x66, 0x66, 0x76, 0x6e, 0xff, 0xff, 0xff, 0xff, 0xfe, 0x76, 0xaf,
        0xe7, 0x66, 0x6e, 0xff, 0xf7, 0x66, 0x69, 0xb6, 0x6e, 0xff, 0xff, 0xff, 0xff, 0xfe, 0x76, 0xaf, 0xfe, 0xee, 0xef, 0xff,
        0xa6, 0x66, 0x7e, 0xb6, 0x6e, 0xff, 0xff, 0xff, 0xff, 0xfe, 0x76, 0xaf, 0xff, 0xff, 0xff, 0xfc, 0x67, 0x66, 0xbf, 0xa6,
        0x6e, 0xff, 0xff, 0xff, 0xff, 0xfe, 0x76, 0xaf, 0xff, 0xff, 0xff, 0xfd, 0x76, 0x68, 0xff, 0xb6, 0x6e, 0xff, 0xff, 0xff,
        0xff, 0xfe, 0x76, 0xaf, 0xff, 0xff, 0xff, 0xff, 0xba, 0x8e, 0xff, 0xb6, 0x6e, 0xff, 0xff, 0xff, 0xff, 0xfe, 0x76, 0x8b,
        0xbb, 0xbb, 0xbb, 0xba, 0xab, 0xab, 0xbb, 0x86, 0x6e, 0xff, 0xff, 0xff, 0xff, 0xff, 0x76, 0x66, 0x66, 0x66, 0x66, 0x66,
        0x66, 0x66, 0x66, 0x66, 0x6e, 0xff, 0xff, 0xff, 0xff, 0xff, 0xc7, 0x66, 0x66, 0x66, 0x66, 0x66, 0x66, 0x66, 0x66, 0x67,
        0xbf, 0xff, 0xff, 0xff, 0xff, 0xff, 0xfe, 0xee, 0xee, 0xee, 0xee, 0xee, 0xee, 0xee, 0xee, 0xee, 0xff, 0xff, 0xff, 0xff,
        0xff, 0xff, 0xff, 0xff, 0xff, 0xff, 0xff, 0xff, 0xff, 0xff, 0xff, 0xff, 0xff, 0xff, 0xff, 0xff, 0xff, 0xff, 0xff, 0xff,
        0xff, 0xff, 0xff, 0xff, 0xff, 0xff, 0xff, 0xff, 0xff, 0xff, 0xff, 0xff,
    },
    {
        0xff, 0xff, 0xff, 0xff, 0xff, 0xff, 0xff, 0xff, 0xff, 0xff, 0xff, 0xff, 0xff, 0xff, 0xff, 0xff, 0xff, 0xff, 0xff, 0xff,
        0xff, 0xff, 0xff, 0xff, 0xff, 0xff, 0xff, 0xff, 0xff, 0xff, 0xff, 0xff, 0xff, 0xff, 0xfe, 0xee, 0xee, 0xee, 0xef, 0xff,
        0xff, 0xfe, 0xee, 0xee, 0xee, 0xef, 0xff, 0xff, 0xff, 0xfd, 0x87, 0x77, 0x77, 0x77, 0x77, 0xcf, 0xfd, 0x87, 0x77, 0x77,
        0x77, 0x77, 0xcf, 0xff, 0xff, 0xf7, 0x66, 0x66, 0x66, 0x66, 0x66, 0x7e, 0xf7, 0x66, 0x66, 0x66, 0x66, 0x66, 0x7e, 0xff,
        0xff, 0xe7, 0x66, 0x66, 0x77, 0x66, 0x66, 0x6e, 0xf7, 0x66, 0x66, 0x66, 0x66, 0x66, 0x6e, 0xff, 0xff, 0xe7, 0x66, 0x66,
        0xde, 0x76, 0x66, 0x6e, 0xf7, 0x66, 0x66, 0x66, 0x66, 0x66, 0x6e, 0xff, 0xff, 0xe7, 0x66, 0x66, 0xef, 0x86, 0x66, 0x6e,
        0xf7, 0x66, 0x66, 0x66, 0x66, 0x66, 0x6e, 0xff, 0xff, 0xe7, 0x67, 0xde, 0xff, 0xee, 0x76, 0x6e, 0xf7, 0x67, 0xde, 0xee,
        0xee, 0x76, 0x6e, 0xff, 0xff, 0xe7, 0x67, 0xff, 0xff, 0xff, 0x86, 0x6e, 0xf7, 0x67, 0xff, 0xff, 0xff, 0x86, 0x6e, 0xff,
        0xff, 0xe7, 0x66, 0x78, 0xef, 0x98, 0x76, 0x6e, 0xf7, 0x66, 0x78, 0x88, 0x88, 0x76, 0x6e, 0xff, 0xff, 0xe7, 0x66, 0x66,
        0xef, 0x76, 0x66, 0x6e, 0xf7, 0x66, 0x66, 0x66, 0x66, 0x66, 0x6e, 0xff, 0xff, 0xe7, 0x66, 0x66, 0x78, 0x76, 0x66, 0x6e,
        0xf7, 0x66, 0x66, 0x66, 0x66, 0x66, 0x6e, 0xff, 0xff, 0xf7, 0x66, 0x66, 0x66, 0x66, 0x66, 0x6e, 0xf7, 0x66, 0x66, 0x66,
        0x66, 0x66, 0x6e, 0xff, 0xff, 0xfc, 0x76, 0x66, 0x66, 0x66, 0x67, 0xbf, 0xfc, 0x76, 0x66, 0x66, 0x66, 0x67, 0xbf, 0xff,
        0xff, 0xff, 0xee, 0xee, 0xee, 0xee, 0xee, 0xff, 0xff, 0xee, 0xee, 0xee, 0xee, 0xee, 0xff, 0xff, 0xff, 0xff, 0xff, 0xff,
        0xff, 0xff, 0xff, 0xff, 0xff, 0xff, 0xff, 0xff, 0xff, 0xff, 0xff, 0xff, 0xff, 0xfd, 0x87, 0x77, 0x77, 0x77, 0x77, 0xcf,
        0xfd, 0x87, 0x77, 0x77, 0x77, 0x77, 0xcf, 0xff, 0xff, 0xf7, 0x66, 0x66, 0x66, 0x66, 0x66, 0x7e, 0xf7, 0x66, 0x66, 0x66,
        0x66, 0x66, 0x7e, 0xff, 0xff, 0xe7, 0x66, 0x66, 0x77, 0x66, 0x66, 0x6e, 0xf7, 0x66, 0x66, 0x66, 0x66, 0x66, 0x6e, 0xff,
        0xff, 0xe7, 0x66, 0x66, 0xde, 0x76, 0x66, 0x6e, 0xf7, 0x67, 0xcd, 0xdd, 0xdd, 0x76, 0x6e, 0xff, 0xff, 0xe7, 0x66, 0x66,
        0xef, 0x86, 0x66, 0x6e, 0xf7, 0x67, 0xef, 0xff, 0xff, 0x86, 0x6e, 0xff, 0xff, 0xe7, 0x67, 0xde, 0xff, 0xee, 0x76, 0x6e,
        0xf7, 0x66, 0x77, 0x77, 0x77, 0x66, 0x6e, 0xff, 0xff, 0xe7, 0x67, 0xff, 0xff, 0xff, 0x86, 0x6e, 0xf7, 0x66, 0x66, 0x66,
        0x66, 0x66, 0x6e, 0xff, 0xff, 0xe7, 0x66, 0x78, 0xef, 0x98, 0x76, 0x6e, 0xf7, 0x67, 0xdd, 0xdd, 0xdd, 0x76, 0x6e, 0xff,
        0xff, 0xe7, 0x66, 0x66, 0xef, 0x76, 0x66, 0x6e, 0xf7, 0x67, 0xef, 0xff, 0xff, 0x86, 0x6e, 0xff, 0xff, 0xe7, 0x66, 0x66,
        0x78, 0x76, 0x66, 0x6e, 0xf7, 0x66, 0x77, 0x77, 0x77, 0x66, 0x6e, 0xff, 0xff, 0xf7, 0x66, 0x66, 0x66, 0x66, 0x66, 0x6e,
        0xf7, 0x66, 0x66, 0x66, 0x66, 0x66, 0x6e, 0xff, 0xff, 0xfc, 0x76, 0x66, 0x66, 0x66, 0x67, 0xbf, 0xfc, 0x76, 0x66, 0x66,
        0x66, 0x67, 0xbf, 0xff, 0xff, 0xff, 0xee, 0xee, 0xee, 0xee, 0xee, 0xff, 0xff, 0xee, 0xee, 0xee, 0xee, 0xee, 0xff, 0xff,
        0xff, 0xff, 0xff, 0xff, 0xff, 0xff, 0xff, 0xff, 0xff, 0xff, 0xff, 0xff, 0xff, 0xff, 0xff, 0xff, 0xff, 0xff, 0xff, 0xff,
        0xff, 0xff, 0xff, 0xff, 0xff, 0xff, 0xff, 0xff, 0xff, 0xff, 0xff, 0xff,
    },
    {
        0xff, 0xff, 0xff, 0xff, 0xff, 0xff, 0xff, 0xff, 0xff, 0xff, 0xff, 0xff, 0xff, 0xff, 0xff, 0xff, 0xff, 0xff, 0xff, 0xff,
        0xff, 0xff, 0xff, 0xff, 0xff, 0xff, 0xff, 0xff, 0xff, 0xff, 0xff, 0xff, 0xff, 0xff, 0xff, 0xff, 0xff, 0xff, 0xff, 0xff,
        0xff, 0xff, 0xff, 0xff, 0xff, 0xff, 0xff, 0xff, 0xff, 0xff, 0xff, 0xff, 0xff, 0xff, 0xff, 0xee, 0xee, 0xef, 0xff, 0xff,
        0xff, 0xff, 0xff, 0xff, 0xff, 0xff, 0xff, 0xff, 0xff, 0xff, 0xf9, 0x77, 0x77, 0x78, 0xff, 0xff, 0xff, 0xff, 0xff, 0xff,
        0xff, 0xff, 0xff, 0xff, 0xff, 0xff, 0xe7, 0x66, 0x66, 0x66, 0xef, 0xff, 0xff, 0xff, 0xff, 0xff, 0xff, 0xff, 0xfe, 0xee,
        0xee, 0xff, 0xe7, 0x66, 0x66, 0x66, 0xef, 0xec, 0xa8, 0xdf, 0xff, 0xff, 0xff, 0xff, 0x97, 0x77, 0x77, 0x8f, 0xe7, 0x66,
        0x66, 0x66, 0xef, 0x76, 0x66, 0xcf, 0xff, 0xff, 0xff, 0xfe, 0x76, 0x66, 0x66, 0x6e, 0xf7, 0x66, 0x66, 0x66, 0xef, 0x86,
        0x76, 0xaf, 0xff, 0xff, 0xff, 0xfe, 0x76, 0x66, 0x66, 0x6e, 0xf7, 0x7b, 0xbb, 0x76, 0xef, 0x96, 0x76, 0x8f, 0xff, 0xff,
        0xff, 0xfe, 0x76, 0x66, 0x66, 0x6e, 0xf7, 0x7d, 0xdd, 0x76, 0xef, 0xa6, 0x66, 0x7f, 0xff, 0xff, 0xff, 0xfe, 0x77, 0xbb,
        0xb7, 0x6e, 0xf7, 0x66, 0x66, 0x66, 0xef, 0xc6, 0x66, 0x6d, 0xff, 0xff, 0xff, 0xfe, 0x77, 0xdd, 0xd7, 0x6e, 0xf7, 0x66,
        0x66, 0x66, 0xef, 0xd6, 0x66, 0x6c, 0xff, 0xff, 0xff, 0xfe, 0x76, 0x66, 0x66, 0x6e, 0xf7, 0x66, 0x66, 0x66, 0xef, 0xe6,
        0x66, 0x6a, 0xff, 0xff, 0xff, 0xfe, 0x76, 0x66, 0x66, 0x6e, 0xf7, 0x66, 0x66, 0x66, 0xef, 0xf7, 0x66, 0x69, 0xff, 0xff,
        0xff, 0xfe, 0x76, 0x66, 0x66, 0x6e, 0xf7, 0x66, 0x66, 0x66, 0xef, 0xf8, 0x66, 0x67, 0xff, 0xff, 0xff, 0xfe, 0x76, 0x66,
        0x66, 0x6e, 0xf7, 0x66, 0x66, 0x66, 0xef, 0xf9, 0x66, 0x66, 0xef, 0xff, 0xff, 0xfe, 0x76, 0x66, 0x66, 0x6e, 0xf7, 0x66,
        0x66, 0x66, 0xef, 0xfb, 0x66, 0x66, 0xcf, 0xff, 0xff, 0xfe, 0x76, 0x66, 0x66, 0x6e, 0xf7, 0x66, 0x66, 0x66, 0xef, 0xfc,
        0x66, 0x66, 0xbf, 0xff, 0xff, 0xfe, 0x76, 0x66, 0x66, 0x6e, 0xf7, 0x66, 0x66, 0x66, 0xef, 0xfd, 0x66, 0x66, 0x9f, 0xff,
        0xff, 0xfe, 0x76, 0x66, 0x66, 0x6e, 0xf7, 0x66, 0x66, 0x66, 0xef, 0xfe, 0x66, 0x66, 0x8f, 0xff, 0xff, 0xfe, 0x76, 0x66,
        0x66, 0x6e, 0xf7, 0x66, 0x66, 0x66, 0xef, 0xff, 0x76, 0x66, 0x7e, 0xff, 0xff, 0xfe, 0x76, 0x66, 0x66, 0x6e, 0xf7, 0x66,
        0x66, 0x66, 0xef, 0xff, 0x86, 0x66, 0x6d, 0xff, 0xff, 0xfe, 0x76, 0x66, 0x66, 0x6e, 0xf7, 0x66, 0x66, 0x66, 0xef, 0xff,
        0x96, 0x66, 0x6b, 0xff, 0xff, 0xfe, 0x76, 0x66, 0x66, 0x6e, 0xf7, 0x66, 0x66, 0x66, 0xef, 0xff, 0xb6, 0x66, 0x69, 0xff,
        0xff, 0xfe, 0x76, 0x66, 0x66, 0x6e, 0xf7, 0x66, 0x66, 0x66, 0xef, 0xff, 0xc6, 0x66, 0x68, 0xff, 0xff, 0xff, 0x86, 0x66,
        0x66, 0x7e, 0xf8, 0x66, 0x66, 0x67, 0xef, 0xff, 0xd6, 0x66, 0x67, 0xef, 0xff, 0xff, 0xfe, 0xee, 0xee, 0xff, 0xff, 0xee,
        0xee, 0xef, 0xff, 0xff, 0xe8, 0x9a, 0xce, 0xff, 0xff, 0xf9, 0x89, 0x99, 0x99, 0x88, 0x88, 0x99, 0x99, 0x98, 0x88, 0x88,
        0x88, 0x89, 0x99, 0xef, 0xff, 0xe8, 0x77, 0x77, 0x77, 0x77, 0x77, 0x77, 0x77, 0x77, 0x77, 0x77, 0x77, 0x77, 0x77, 0xef,
        0xff, 0xff, 0xff, 0xff, 0xff, 0xff, 0xff, 0xff, 0xff, 0xff, 0xff, 0xff, 0xff, 0xff, 0xff, 0xff, 0xff, 0xff, 0xff, 0xff,
        0xff, 0xff, 0xff, 0xff, 0xff, 0xff, 0xff, 0xff, 0xff, 0xff, 0xff, 0xff,
    },
    {
        0xff, 0xff, 0xff, 0xff, 0xff, 0xff, 0xff, 0xff, 0xff, 0xff, 0xff, 0xff, 0xff, 0xff, 0xff, 0xff, 0xff, 0xff, 0xff, 0xff,
        0xff, 0xff, 0xff, 0xff, 0xff, 0xff, 0xff, 0xff, 0xff, 0xff, 0xff, 0xff, 0xff, 0xff, 0xff, 0xff, 0xff, 0xff, 0xff, 0xff,
        0xff, 0xff, 0xff, 0xff, 0xff, 0xff, 0xff, 0xff, 0xff, 0xff, 0xff, 0xff, 0xff, 0xff, 0xff, 0xff, 0xff, 0xff, 0xff, 0xff,
        0xff, 0xff, 0xff, 0xff, 0xff, 0xff, 0xff, 0xff, 0xff, 0xff, 0xff, 0xff, 0xff, 0xff, 0xff, 0xff, 0xff, 0xff, 0xff, 0xff,
        0xff, 0xff, 0xff, 0xff, 0xff, 0xff, 0xff, 0xff, 0xff, 0xff, 0xff, 0xff, 0xff, 0xff, 0xff, 0xff, 0xff, 0xff, 0xff, 0xee,
        0xee, 0xee, 0xee, 0xee, 0xee, 0xee, 0xee, 0xee, 0xee, 0xff, 0xff, 0xff, 0xff, 0xff, 0xa7, 0x77, 0x77, 0x77, 0x77, 0x77,
        0x77, 0x77, 0x77, 0x77, 0x77, 0x7a, 0xff, 0xff, 0xff, 0xfa, 0x66, 0x66, 0x66, 0x66, 0x66, 0x66, 0x66, 0x66, 0x66, 0x66,
        0x66, 0x66, 0x9f, 0xff, 0xff, 0xf7, 0x66, 0x66, 0x66, 0x66, 0x66, 0x66, 0x66, 0x66, 0x66, 0x66, 0x66, 0x66, 0x6e, 0xff,
        0xff, 0xe7, 0x66, 0x66, 0x67, 0x77, 0x66, 0x6d, 0xe7, 0x66, 0x66, 0x66, 0x66, 0x66, 0x6e, 0xff, 0xff, 0xe7, 0x66, 0x66,
        0xce, 0xee, 0xd7, 0x7e, 0xe7, 0x66, 0x66, 0x66, 0x66, 0x66, 0x6e, 0xff, 0xff, 0xe7, 0x66, 0x67, 0xff, 0xff, 0xf8, 0x67,
        0x76, 0x66, 0x66, 0x66, 0x66, 0x66, 0x7e, 0xff, 0xff, 0xfe, 0xb7, 0x67, 0xef, 0xff, 0xf8, 0x66, 0x66, 0x66, 0x66, 0x66,
        0x66, 0x6b, 0xef, 0xff, 0xff, 0xff, 0xfc, 0x67, 0xef, 0xff, 0xf8, 0x6d, 0xe7, 0x66, 0x66, 0x66, 0x66, 0xbf, 0xff, 0xff,
        0xff, 0xff, 0xff, 0x77, 0xef, 0xff, 0xf8, 0x6e, 0xe7, 0x66, 0x66, 0x66, 0x67, 0xef, 0xff, 0xff, 0xff, 0xff, 0xff, 0x77,
        0xef, 0xff, 0xf8, 0x67, 0x76, 0x66, 0x66, 0x66, 0x67, 0xef, 0xff, 0xff, 0xff, 0xff, 0xfd, 0x67, 0xef, 0xff, 0xf8, 0x66,
        0x66, 0x66, 0x66, 0x66, 0x66, 0xbf, 0xff, 0xff, 0xff, 0xff, 0xc7, 0x67, 0xef, 0xff, 0xf8, 0x6d, 0xe7, 0x66, 0x66, 0x66,
        0x66, 0x7c, 0xff, 0xff, 0xff, 0xe8, 0x66, 0x67, 0xff, 0xff, 0xf8, 0x6e, 0xe7, 0x66, 0x66, 0x66, 0x66, 0x66, 0x7e, 0xff,
        0xff, 0xe7, 0x66, 0x66, 0xdf, 0xff, 0xe7, 0x67, 0x76, 0x66, 0x66, 0x66, 0x66, 0x66, 0x6e, 0xff, 0xff, 0xe7, 0x66, 0x66,
        0x78, 0x88, 0x76, 0x66, 0x66, 0x66, 0x66, 0x66, 0x66, 0x66, 0x6e, 0xff, 0xff, 0xf7, 0x66, 0x66, 0x66, 0x66, 0x66, 0x6d,
        0xe7, 0x66, 0x66, 0x66, 0x66, 0x66, 0x6e, 0xff, 0xff, 0xfa, 0x66, 0x66, 0x66, 0x66, 0x66, 0x7e, 0xe7, 0x66, 0x66, 0x66,
        0x66, 0x66, 0x9f, 0xff, 0xff, 0xff, 0x97, 0x66, 0x66, 0x66, 0x66, 0x67, 0x76, 0x66, 0x66, 0x66, 0x66, 0x79, 0xef, 0xff,
        0xff, 0xff, 0xfe, 0xee, 0xee, 0xee, 0xee, 0xee, 0xee, 0xee, 0xee, 0xee, 0xee, 0xef, 0xff, 0xff, 0xff, 0xff, 0xff, 0xff,
        0xff, 0xff, 0xff, 0xff, 0xff, 0xff, 0xff, 0xff, 0xff, 0xff, 0xff, 0xff, 0xff, 0xff, 0xff, 0xff, 0xff, 0xff, 0xff, 0xff,
        0xff, 0xff, 0xff, 0xff, 0xff, 0xff, 0xff, 0xff, 0xff, 0xff, 0xff, 0xff, 0xff, 0xff, 0xff, 0xff, 0xff, 0xff, 0xff, 0xff,
        0xff, 0xff, 0xff, 0xff, 0xff, 0xff, 0xff, 0xff, 0xff, 0xff, 0xff, 0xff, 0xff, 0xff, 0xff, 0xff, 0xff, 0xff, 0xff, 0xff,
        0xff, 0xff, 0xff, 0xff, 0xff, 0xff, 0xff, 0xff, 0xff, 0xff, 0xff, 0xff, 0xff, 0xff, 0xff, 0xff, 0xff, 0xff, 0xff, 0xff,
        0xff, 0xff, 0xff, 0xff, 0xff, 0xff, 0xff, 0xff, 0xff, 0xff, 0xff, 0xff,
    },
    {
        0xff, 0xff, 0xff, 0xff, 0xff, 0xff, 0xff, 0xff, 0xff, 0xff, 0xff, 0xff, 0xff, 0xff, 0xff, 0xff, 0xff, 0xff, 0xff, 0xff,
        0xff, 0xff, 0xff, 0xff, 0xff, 0xff, 0xff, 0xff, 0xff, 0xff, 0xff, 0xff, 0xff, 0xff, 0xff, 0xff, 0xff, 0xff, 0xff, 0xfe,
        0xef, 0xff, 0xff, 0xff, 0xff, 0xff, 0xff, 0xff, 0xff, 0xff, 0xff, 0xff, 0xff, 0xfd, 0xb9, 0x77, 0x77, 0x8a, 0xdf, 0xff,
        0xff, 0xff, 0xff, 0xff, 0xff, 0xff, 0xff, 0xff, 0xfd, 0x96, 0x66, 0x66, 0x66, 0x66, 0x68, 0xcf, 0xff, 0xff, 0xff, 0xff,
        0xff, 0xff, 0xff, 0xff, 0xa6, 0x66, 0x66, 0x67, 0x76, 0x66, 0x66, 0x69, 0xef, 0xff, 0xff, 0xff, 0xff, 0xff, 0xff, 0xf9,
        0x66, 0x67, 0x9c, 0xee, 0xfe, 0xca, 0x76, 0x66, 0x8e, 0xff, 0xff, 0xff, 0xff, 0xff, 0xff, 0x96, 0x76, 0x9e, 0xff, 0xff,
        0xff, 0xff, 0xea, 0x66, 0x68, 0xef, 0xff, 0xff, 0xff, 0xff, 0xfa, 0x67, 0x6b, 0xff, 0xff, 0xc7, 0x7a, 0xff, 0xff, 0xc7,
        0x76, 0x9f, 0xff, 0xff, 0xff, 0xff, 0xd6, 0x66, 0xbf, 0xff, 0xff, 0xc6, 0x69, 0xff, 0xff, 0xfc, 0x66, 0x6c, 0xff, 0xff,
        0xff, 0xff, 0x86, 0x69, 0xff, 0xff, 0xff, 0xc6, 0x6a, 0xff, 0xff, 0xff, 0xa6, 0x68, 0xff, 0xff, 0xff, 0xfd, 0x66, 0x7e,
        0xff, 0xff, 0xff, 0xc6, 0x6a, 0xff, 0xff, 0xff, 0xf7, 0x66, 0xcf, 0xff, 0xff, 0xfb, 0x66, 0x9f, 0xff, 0xff, 0xff, 0xc6,
        0x6a, 0xff, 0xff, 0xff, 0xfa, 0x66, 0xaf, 0xff, 0xff, 0xf9, 0x66, 0xcf, 0xff, 0xff, 0xff, 0xc6, 0x6a, 0xff, 0xff, 0xff,
        0xfd, 0x66, 0x8f, 0xff, 0xff, 0xf7, 0x66, 0xef, 0xff, 0xff, 0xff, 0xb6, 0x69, 0xff, 0xff, 0xff, 0xfe, 0x76, 0x7e, 0xff,
        0xff, 0xe7, 0x67, 0xef, 0xff, 0xff, 0xff, 0x86, 0x67, 0xef, 0xff, 0xff, 0xff, 0x86, 0x6e, 0xff, 0xff, 0xe7, 0x67, 0xef,
        0xff, 0xff, 0xff, 0x76, 0x66, 0x7c, 0xff, 0xff, 0xff, 0x86, 0x6e, 0xff, 0xff, 0xf7, 0x66, 0xef, 0xff, 0xff, 0xff, 0xc7,
        0x66, 0x66, 0x9e, 0xff, 0xff, 0x76, 0x7e, 0xff, 0xff, 0xf8, 0x66, 0xcf, 0xff, 0xff, 0xff, 0xfe, 0xd8, 0x66, 0x67, 0xbf,
        0xfd, 0x66, 0x8f, 0xff, 0xff, 0xfa, 0x66, 0xaf, 0xff, 0xff, 0xff, 0xff, 0xff, 0xb7, 0x66, 0x9f, 0xfb, 0x66, 0x9f, 0xff,
        0xff, 0xfd, 0x66, 0x7e, 0xff, 0xff, 0xff, 0xff, 0xff, 0xfd, 0x87, 0xff, 0xf8, 0x66, 0xcf, 0xff, 0xff, 0xff, 0x86, 0x6a,
        0xff, 0xff, 0xff, 0xff, 0xff, 0xff, 0xfe, 0xff, 0xb6, 0x67, 0xff, 0xff, 0xff, 0xff, 0xd6, 0x66, 0xcf, 0xff, 0xff, 0xff,
        0xff, 0xff, 0xff, 0xfd, 0x66, 0x6b, 0xff, 0xff, 0xff, 0xff, 0xf9, 0x67, 0x7c, 0xff, 0xff, 0xff, 0xff, 0xff, 0xff, 0xd7,
        0x66, 0x8f, 0xff, 0xff, 0xff, 0xff, 0xff, 0x86, 0x66, 0xae, 0xff, 0xff, 0xff, 0xff, 0xfb, 0x66, 0x67, 0xef, 0xff, 0xff,
        0xff, 0xff, 0xff, 0xe8, 0x66, 0x67, 0xad, 0xef, 0xfe, 0xdb, 0x86, 0x66, 0x7e, 0xff, 0xff, 0xff, 0xff, 0xff, 0xff, 0xfe,
        0x96, 0x66, 0x66, 0x78, 0x87, 0x66, 0x66, 0x69, 0xef, 0xff, 0xff, 0xff, 0xff, 0xff, 0xff, 0xff, 0xfc, 0x86, 0x66, 0x66,
        0x66, 0x66, 0x67, 0xbf, 0xff, 0xff, 0xff, 0xff, 0xff, 0xff, 0xff, 0xff, 0xff, 0xfc, 0xa8, 0x76, 0x67, 0x89, 0xcf, 0xff,
        0xff, 0xff, 0xff, 0xff, 0xff, 0xff, 0xff, 0xff, 0xff, 0xff, 0xff, 0xee, 0xee, 0xff, 0xff, 0xff, 0xff, 0xff, 0xff, 0xff,
        0xff, 0xff, 0xff, 0xff, 0xff, 0xff, 0xff, 0xff, 0xff, 0xff, 0xff, 0xff, 0xff, 0xff, 0xff, 0xff, 0xff, 0xff, 0xff, 0xff,
        0xff, 0xff, 0xff, 0xff, 0xff, 0xff, 0xff, 0xff, 0xff, 0xff, 0xff, 0xff,
    },
};
